Workbook
Name 新建文本文档: INDEX!$G$6:$H$21

Sheet INDEX
D1: rdim | E1: cdim
A2: par | B2: KOULX | C2: =B2&"!"&"J6" -> KOULX!J6 | D2: 1 | E2: 2
A3: par | B3: GUWUX | C3: =B3&"!"&"J6" -> GUWUX!J6 | D3: 1 | E3: 2
A4: par | B4: LISHX | C4: =B4&"!"&"J6" -> LISHX!J6 | D4: 1 | E4: 2
A5: par | B5: ENGYX | C5: =B5&"!"&"J6" -> ENGYX!J6 | D5: 1 | E5: 2
A6: par | B6: RICEX | C6: =B6&"!"&"J6" -> RICEX!J6 | D6: 1 | E6: 2
A7: par | B7: WHEAX | C7: =B7&"!"&"J6" -> WHEAX!J6 | D7: 1 | E7: 2
A8: par | B8: MAIZX | C8: =B8&"!"&"J6" -> MAIZX!J6 | D8: 1 | E8: 2
A9: par | B9: BARLX | C9: =B9&"!"&"J6" -> BARLX!J6 | D9: 1 | E9: 2
A10: par | B10: SOYSX | C10: =B10&"!"&"J6" -> SOYSX!J6 | D10: 1 | E10: 2
A11: par | B11: SOYOX | C11: =B11&"!"&"J6" -> SOYOX!J6 | D11: 1 | E11: 2
A12: par | B12: SOYMX | C12: =B12&"!"&"J6" -> SOYMX!J6 | D12: 1 | E12: 2
A13: par | B13: RAPSX | C13: =B13&"!"&"J6" -> RAPSX!J6 | D13: 1 | E13: 2
... A60: par | B60: CRSHX | C60: =B60&"!"&"J6" -> CRSHX!J6 | D60: 1 | E60: 2

Sheet 结果整理
M6: 变化率 | N6: 情景1 | O6: 情景2 | P6: 情景3 | Q6: 情景4 | R6: 情景5 | V6: 变化量 | W6: 情景1 | X6: 情景2 | Y6: 情景3 | Z6: 情景4 | AA6: 情景5
B7: 人均消费量 | C7: 畜禽肉

Sheet 结果
B4: 粮食
C5: =LISHX!K6 -> BASE | D5: =LISHX!L6 -> BASE | E5: =LISHX!M6 -> BASE | F5: =LISHX!N6 -> BASE | G5: =LISHX!O6 -> BASE | H5: =LISHX!P6 -> BASE | I5: =LISHX!Q6 -> BASE | J5: =LISHX!R6 -> BASE | ... T5: =LISHX!AB6 -> 0
C6: =LISHX!K7 -> 2024 | D6: =LISHX!L7 -> 2025 | E6: =LISHX!M7 -> 2026 | F6: =LISHX!N7 -> 2027 | G6: =LISHX!O7 -> 2028 | H6: =LISHX!P7 -> 2029 | I6: =LISHX!Q7 -> 2030 | J6: =LISHX!R7 -> 2031 | ... T6: =LISHX!AB7 -> 0
B7: =LISHX!J8 -> AREA | C7: =LISHX!K8 -> 11931.9 | D7: =LISHX!L8 -> 11940.9 | E7: =LISHX!M8 -> 11953.292 | F7: =LISHX!N8 -> 11966.122 | G7: =LISHX!O8 -> 11979.567 | H7: =LISHX!P8 -> 11993.244 | I7: =LISHX!Q8 -> 12007.471 | ... T7: =LISHX!AB8 -> 0
B8: =LISHX!J9 -> YIELD | C8: =LISHX!K9 -> 33.889185 | D8: =LISHX!L9 -> 34.307583 | E8: =LISHX!M9 -> 34.461505 | F8: =LISHX!N9 -> 34.618846 | G8: =LISHX!O9 -> 34.780358 | H8: =LISHX!P9 -> 34.946599 | I8: =LISHX!Q9 -> 35.117623 | ... T8: =LISHX!AB9 -> 0
B9: =LISHX!J10 -> TOTAL SUPPLY | C9: =LISHX!K10 -> 86177 | D9: =LISHX!L10 -> 85215.3 | E9: =LISHX!M10 -> 85177.637 | F9: =LISHX!N10 -> 85488.842 | G9: =LISHX!O10 -> 85633.991 | H9: =LISHX!P10 -> 85796.771 | I9: =LISHX!Q10 -> 85971.271 | ... T9: =LISHX!AB10 -> 0
B10: =LISHX!J11 -> PRODUCTION | C10: =LISHX!K11 -> 70650 | D10: =LISHX!L11 -> 71488 | E10: =LISHX!M11 -> 71845.738 | F10: =LISHX!N11 -> 72211.87 | G10: =LISHX!O11 -> 72589.79 | H10: =LISHX!P11 -> 72976.885 | I10: =LISHX!Q11 -> 73376.606 | ... T10: =LISHX!AB11 -> 0
B11: =LISHX!J12 -> NET IMPORT | C11: =LISHX!K12 -> 15527 | D11: =LISHX!L12 -> 13727.3 | E11: =LISHX!M12 -> 13331.899 | F11: =LISHX!N12 -> 13276.972 | G11: =LISHX!O12 -> 13044.201 | H11: =LISHX!P12 -> 12819.886 | I11: =LISHX!Q12 -> 12594.665 | ... T11: =LISHX!AB12 -> 0
B12: =LISHX!J13 -> TOTAL DEMAND | C12: =LISHX!K13 -> 86177 | D12: =LISHX!L13 -> 85215.3 | E12: =LISHX!M13 -> 85177.637 | F12: =LISHX!N13 -> 85488.842 | G12: =LISHX!O13 -> 85633.991 | H12: =LISHX!P13 -> 85796.771 | I12: =LISHX!Q13 -> 85971.271 | ... T12: =LISHX!AB13 -> 0
B13: =LISHX!J14 -> PER CAPITA FOOD DEMAND | C13: =LISHX!K14 -> 207.12395 | D13: =LISHX!L14 -> 203.45097 | E13: =LISHX!M14 -> 202.00714 | F13: =LISHX!N14 -> 200.65554 | G13: =LISHX!O14 -> 199.40306 | H13: =LISHX!P14 -> 198.25002 | I13: =LISHX!Q14 -> 197.18117 | ... T13: =LISHX!AB14 -> 0
B14: =LISHX!J15 -> SEED DEMAND | C14: =LISHX!K15 -> 1118.0902 | D14: =LISHX!L15 -> 1138.4333 | E14: =LISHX!M15 -> 1139.2731 | F14: =LISHX!N15 -> 1140.1761 | G14: =LISHX!O15 -> 1141.1425 | H14: =LISHX!P15 -> 1142.1748 | I14: =LISHX!Q15 -> 1143.3076 | ... T14: =LISHX!AB15 -> 0
B15: =LISHX!J16 -> FEED DEMAND | C15: =LISHX!K16 -> 23305.064 | D15: =LISHX!L16 -> 26188.313 | E15: =LISHX!M16 -> 26225.434 | F15: =LISHX!N16 -> 26223.937 | G15: =LISHX!O16 -> 26256.313 | H15: =LISHX!P16 -> 26303.924 | I15: =LISHX!Q16 -> 26351.731 | ... T15: =LISHX!AB16 -> 0
B16: =LISHX!J17 -> PROCESSING DEMAND | C16: =LISHX!K17 -> 12831.67 | D16: =LISHX!L17 -> 12317.699 | E16: =LISHX!M17 -> 12581.525 | F16: =LISHX!N17 -> 12853.773 | G16: =LISHX!O17 -> 13128.923 | H16: =LISHX!P17 -> 13408.24 | I16: =LISHX!Q17 -> 13695.423 | ... T16: =LISHX!AB17 -> 0
B17: =LISHX!J18 -> CRUSH DEMAND | C17: =LISHX!K18 -> 10240 | D17: =LISHX!L18 -> 10650 | E17: =LISHX!M18 -> 10423.108 | F17: =LISHX!N18 -> 10418.995 | G17: =LISHX!O18 -> 10447.838 | H17: =LISHX!P18 -> 10492.532 | I17: =LISHX!Q18 -> 10537.434 | ... T17: =LISHX!AB18 -> 0
B18: =LISHX!J19 -> WASTE DEMAND | C18: =LISHX!K19 -> 3251.4002 | D18: =LISHX!L19 -> 3184.7093 | E18: =LISHX!M19 -> 3203.1732 | F18: =LISHX!N19 -> 3222.1174 | G18: =LISHX!O19 -> 3241.7154 | H18: =LISHX!P19 -> 3261.848 | I18: =LISHX!Q19 -> 3282.6856 | ... T18: =LISHX!AB19 -> 0
B19: =LISHX!J20 -> OTHER DEMAND | C19: =LISHX!K20 -> 0.747113 | D19: =LISHX!L20 -> 1.835365 | E19: =LISHX!M20 -> 1.8359945 | F19: =LISHX!N20 -> 1.8366582 | G19: =LISHX!O20 -> 1.8373813 | H19: =LISHX!P20 -> 1.8382277 | I19: =LISHX!Q20 -> 1.8391448 | ... T19: =LISHX!AB20 -> 0
B23: 水稻
B24: =RICEX!J6 -> 0 | C24: =RICEX!K6 -> BASE | D24: =RICEX!L6 -> BASE | E24: =RICEX!M6 -> BASE | F24: =RICEX!N6 -> BASE | G24: =RICEX!O6 -> BASE | H24: =RICEX!P6 -> BASE | I24: =RICEX!Q6 -> BASE | ... T24: =RICEX!AB6 -> 0
B25: =RICEX!J7 -> 0 | C25: =RICEX!K7 -> 2024 | D25: =RICEX!L7 -> 2025 | E25: =RICEX!M7 -> 2026 | F25: =RICEX!N7 -> 2027 | G25: =RICEX!O7 -> 2028 | H25: =RICEX!P7 -> 2029 | I25: =RICEX!Q7 -> 2030 | ... T25: =RICEX!AB7 -> 0
B26: =RICEX!J8 -> AREA | C26: =RICEX!K8 -> 2900.69 | D26: =RICEX!L8 -> 2901.22 | E26: =RICEX!M8 -> 2899.6812 | F26: =RICEX!N8 -> 2898.2505 | G26: =RICEX!O8 -> 2896.8979 | H26: =RICEX!P8 -> 2895.4794 | I26: =RICEX!Q8 -> 2894.0518 | ... T26: =RICEX!AB8 -> 0
B27: =RICEX!J9 -> YIELD | C27: =RICEX!K9 -> 7154.677 | D27: =RICEX!L9 -> 7205.2792 | E27: =RICEX!M9 -> 7229.9166 | F27: =RICEX!N9 -> 7254.7175 | G27: =RICEX!O9 -> 7279.7223 | H27: =RICEX!P9 -> 7304.8594 | I27: =RICEX!Q9 -> 7330.1534 | ... T27: =RICEX!AB9 -> 0
B28: =RICEX!J10 -> TOTAL SUPPLY | C28: =RICEX!K10 -> 20832.07 | D28: =RICEX!L10 -> 21106.96 | E28: =RICEX!M10 -> 21304.815 | F28: =RICEX!N10 -> 21345.047 | G28: =RICEX!O10 -> 21349.459 | H28: =RICEX!P10 -> 21361.983 | I28: =RICEX!Q10 -> 21382.975 | ... T28: =RICEX!AB10 -> 0
B29: =RICEX!J11 -> PRODUCTION | C29: =RICEX!K11 -> 20753.5 | D29: =RICEX!L11 -> 20904.1 | E29: =RICEX!M11 -> 20964.453 | F29: =RICEX!N11 -> 21025.989 | G29: =RICEX!O11 -> 21088.612 | H29: =RICEX!P11 -> 21151.07 | I29: =RICEX!Q11 -> 21213.844 | ... T29: =RICEX!AB11 -> 0
B30: =RICEX!J12 -> NET IMPORT | C30: =RICEX!K12 -> 78.57 | D30: =RICEX!L12 -> 202.86 | E30: =RICEX!M12 -> 340.3618 | F30: =RICEX!N12 -> 319.05859 | G30: =RICEX!O12 -> 260.84719 | H30: =RICEX!P12 -> 210.91325 | I30: =RICEX!Q12 -> 169.13118 | ... T30: =RICEX!AB12 -> 0
B31: =RICEX!J13 -> TOTAL DEMAND | C31: =RICEX!K13 -> 20832.07 | D31: =RICEX!L13 -> 21106.96 | E31: =RICEX!M13 -> 21304.815 | F31: =RICEX!N13 -> 21345.047 | G31: =RICEX!O13 -> 21349.459 | H31: =RICEX!P13 -> 21361.983 | I31: =RICEX!Q13 -> 21382.975 | ... T31: =RICEX!AB13 -> 0
B32: =RICEX!J14 -> PER CAPITA FOOD DEMAND | C32: =RICEX!K14 -> 111.12847 | D32: =RICEX!L14 -> 110.68482 | E32: =RICEX!M14 -> 109.77017 | F32: =RICEX!N14 -> 108.90481 | G32: =RICEX!O14 -> 108.0971 | H32: =RICEX!P14 -> 107.35248 | I32: =RICEX!Q14 -> 106.66086 | ... T32: =RICEX!AB14 -> 0
B33: =RICEX!J15 -> SEED DEMAND | C33: =RICEX!K15 -> 141 | D33: =RICEX!L15 -> 142 | E33: =RICEX!M15 -> 141.92468 | F33: =RICEX!N15 -> 141.85466 | G33: =RICEX!O15 -> 141.78846 | H33: =RICEX!P15 -> 141.71903 | I33: =RICEX!Q15 -> 141.64916 | ... T33: =RICEX!AB15 -> 0
B34: =RICEX!J16 -> FEED DEMAND | C34: =RICEX!K16 -> 1069.86 | D34: =RICEX!L16 -> 863.84 | E34: =RICEX!M16 -> 860.54282 | F34: =RICEX!N16 -> 858.98196 | G34: =RICEX!O16 -> 857.41669 | H34: =RICEX!P16 -> 855.64637 | I34: =RICEX!Q16 -> 853.74897 | ... T34: =RICEX!AB16 -> 0
B35: =RICEX!J17 -> PROCESSING DEMAND | C35: =RICEX!K17 -> 1780 | D35: =RICEX!L17 -> 1800 | E35: =RICEX!M17 -> 1907.7131 | F35: =RICEX!N17 -> 2021.3924 | G35: =RICEX!O17 -> 2140.1374 | H35: =RICEX!P17 -> 2264.3502 | I35: =RICEX!Q17 -> 2394.9644 | ... T35: =RICEX!AB17 -> 0
... B43: =RICEX!J25 -> 0 | C43: =RICEX!K25 -> 0 | D43: =RICEX!L25 -> 0 | E43: =RICEX!M25 -> 0 | F43: =RICEX!N25 -> 0 | G43: =RICEX!O25 -> 0 | H43: =RICEX!P25 -> 0 | I43: =RICEX!Q25 -> 0 | ... T43: =RICEX!AB25 -> 0
B44: =RICEX!J26 -> 0 | C44: =RICEX!#REF! -> #REF! | D44: =RICEX!#REF! -> #REF! | E44: =RICEX!#REF! -> #REF! | F44: =RICEX!#REF! -> #REF! | G44: =RICEX!#REF! -> #REF! | H44: =RICEX!#REF! -> #REF! | I44: =RICEX!#REF! -> #REF! | J44: =RICEX!#REF! -> #REF! | ... T44: =RICEX!#REF! -> #REF!
B45: =RICEX!J27 -> 0 | C45: =RICEX!#REF! -> #REF! | D45: =RICEX!#REF! -> #REF! | E45: =RICEX!#REF! -> #REF! | F45: =RICEX!#REF! -> #REF! | G45: =RICEX!#REF! -> #REF! | H45: =RICEX!#REF! -> #REF! | I45: =RICEX!#REF! -> #REF! | J45: =RICEX!#REF! -> #REF! | ... T45: =RICEX!#REF! -> #REF!
B46: =RICEX!J28 -> 0 | C46: =RICEX!#REF! -> #REF! | D46: =RICEX!#REF! -> #REF! | E46: =RICEX!#REF! -> #REF! | F46: =RICEX!#REF! -> #REF! | G46: =RICEX!#REF! -> #REF! | H46: =RICEX!#REF! -> #REF! | I46: =RICEX!#REF! -> #REF! | J46: =RICEX!#REF! -> #REF! | ... T46: =RICEX!#REF! -> #REF!
B47: =RICEX!J29 -> 0 | C47: =RICEX!K26 -> 0 | D47: =RICEX!L26 -> 0 | E47: =RICEX!M26 -> 0 | F47: =RICEX!N26 -> 0 | G47: =RICEX!O26 -> 0 | H47: =RICEX!P26 -> 0 | I47: =RICEX!Q26 -> 0 | J47: =RICEX!R26 -> 0 | ... T47: =RICEX!AB26 -> 0
B48: =RICEX!J30 -> 0 | C48: =RICEX!K27 -> 0 | D48: =RICEX!L27 -> 0 | E48: =RICEX!M27 -> 0 | F48: =RICEX!N27 -> 0 | G48: =RICEX!O27 -> 0 | H48: =RICEX!P27 -> 0 | I48: =RICEX!Q27 -> 0 | J48: =RICEX!R27 -> 0 | ... T48: =RICEX!AB27 -> 0
B49: =RICEX!J31 -> 0 | C49: =RICEX!K28 -> 0 | D49: =RICEX!L28 -> 0 | E49: =RICEX!M28 -> 0 | F49: =RICEX!N28 -> 0 | G49: =RICEX!O28 -> 0 | H49: =RICEX!P28 -> 0 | I49: =RICEX!Q28 -> 0 | J49: =RICEX!R28 -> 0 | ... T49: =RICEX!AB28 -> 0
B50: =RICEX!J32 -> 0 | C50: =RICEX!K29 -> 0 | D50: =RICEX!L29 -> 0 | E50: =RICEX!M29 -> 0 | F50: =RICEX!N29 -> 0 | G50: =RICEX!O29 -> 0 | H50: =RICEX!P29 -> 0 | I50: =RICEX!Q29 -> 0 | J50: =RICEX!R29 -> 0 | ... T50: =RICEX!AB29 -> 0
B51: =RICEX!J33 -> 0 | C51: =RICEX!K30 -> 0 | D51: =RICEX!L30 -> 0 | E51: =RICEX!M30 -> 0 | F51: =RICEX!N30 -> 0 | G51: =RICEX!O30 -> 0 | H51: =RICEX!P30 -> 0 | I51: =RICEX!Q30 -> 0 | J51: =RICEX!R30 -> 0 | ... T51: =RICEX!AB30 -> 0
B52: =RICEX!J34 -> 0 | C52: =RICEX!K31 -> 0 | D52: =RICEX!L31 -> 0 | E52: =RICEX!M31 -> 0 | F52: =RICEX!N31 -> 0 | G52: =RICEX!O31 -> 0 | H52: =RICEX!P31 -> 0 | I52: =RICEX!Q31 -> 0 | J52: =RICEX!R31 -> 0 | ... T52: =RICEX!AB31 -> 0
B53: =RICEX!J35 -> 0 | C53: =RICEX!K32 -> 0 | D53: =RICEX!L32 -> 0 | E53: =RICEX!M32 -> 0 | F53: =RICEX!N32 -> 0 | G53: =RICEX!O32 -> 0 | H53: =RICEX!P32 -> 0 | I53: =RICEX!Q32 -> 0 | J53: =RICEX!R32 -> 0 | ... T53: =RICEX!AB32 -> 0
B54: =RICEX!J36 -> 0 | C54: =RICEX!K33 -> 0 | D54: =RICEX!L33 -> 0 | E54: =RICEX!M33 -> 0 | F54: =RICEX!N33 -> 0 | G54: =RICEX!O33 -> 0 | H54: =RICEX!P33 -> 0 | I54: =RICEX!Q33 -> 0 | J54: =RICEX!R33 -> 0 | ... T54: =RICEX!AB33 -> 0

Sheet KOULX
B6: BASE | K6: BASE | L6: BASE | M6: BASE | N6: BASE | O6: BASE | P6: BASE | Q6: BASE | R6: BASE | S6: BASE | T6: BASE | U6: BASE | V6: BASE
B7: 2016-2035 | K7: 2024 | L7: 2025 | M7: 2026 | N7: 2027 | O7: 2028 | P7: 2029 | Q7: 2030 | R7: 2031 | S7: 2032 | T7: 2033 | U7: 2034 | V7: 2035
A8: 稻谷种植面积（万公顷） | B8: =(AD8/K8)^(1/19)*100-100 -> -100 | J8: AREA | K8: 5259.43 | L8: 5259.4 | M8: 5256.1127 | N8: 5253.0292 | O8: 5250.1038 | P8: 5247.2418 | Q8: 5244.6107 | R8: 5242.1119 | S8: 5239.7386 | T8: 5237.4845 | U8: 5235.3436 | V8: 5233.3101
A9: 稻谷单产（千克/公顷） | B9: =(AD9/K9)^(1/19)*100-100 -> -100 | J9: YIELD | K9: 13.094246 | L9: 13.145114 | M9: 13.181822 | N9: 13.218894 | O9: 13.256492 | P9: 13.294802 | Q9: 13.333935 | R9: 13.373608 | S9: 13.413911 | T9: 13.454996 | U9: 13.496917 | V9: 13.539758
A10: 总供给 | B10: =(AD10/K10)^(1/19)*100-100 -> -100 | J10: TOTAL SUPPLY | K10: 35948.23 | L10: 35498.88 | M10: 35659.061 | N10: 35669.446 | O10: 35651.151 | P10: 35646.349 | Q10: 35654.094 | R10: 35672.643 | S10: 35713.116 | T10: 35765.111 | U10: 35828.222 | V10: 35903.298
A11: 稻谷产量（万吨） | B11: =(AD11/K11)^(1/19)*100-100 -> -100 | J11: PRODUCTION | K11: 34763.4 | L11: 34911.3 | M11: 34989.709 | N11: 35070.304 | O11: 35153.181 | P11: 35237.992 | Q11: 35326.087 | R11: 35416.334 | S11: 35508.922 | T11: 35604.188 | U11: 35702.229 | V11: 35803.219
A12: 稻谷净进口 | B12: =(AD12/K12)^(1/19)*100-100 -> -100 | J12: NET IMPORT | K12: 1184.83 | L12: 587.58 | M12: 669.35115 | N12: 599.14156 | O12: 497.97017 | P12: 408.35761 | Q12: 328.00683 | R12: 256.30881 | S12: 204.19362 | T12: 160.92251 | U12: 125.99233 | V12: 100.07882
A13: 稻谷总需求（万吨） | B13: =(AD13/K13)^(1/19)*100-100 -> -100 | J13: TOTAL DEMAND | K13: 35948.23 | L13: 35498.88 | M13: 35659.061 | N13: 35669.446 | O13: 35651.151 | P13: 35646.349 | Q13: 35654.094 | R13: 35672.643 | S13: 35713.116 | T13: 35765.111 | U13: 35828.222 | V13: 35903.298
A14: 稻谷人均消费量（千克/人） | B14: =(AD14/K14)^(1/19)*100-100 -> -100 | J14: PER CAPITA FOOD DEMAND | K14: 175.7463 | L14: 173.67908 | M14: 172.21604 | N14: 170.8324 | O14: 169.54156 | P14: 168.34453 | Q14: 167.22564 | R14: 166.17991 | S14: 165.18737 | T14: 164.25145 | U14: 163.36674 | V14: 162.53016
A15: 农村居民在家人均稻谷消费量（千克/人） | B15: =(AD15/K15)^(1/19)*100-100 -> -100 | J15: SEED DEMAND | K15: 791 | L15: 842 | M15: 841.40565 | N15: 840.84503 | O15: 840.31194 | P15: 839.81402 | Q15: 839.38691 | R15: 838.98123 | S15: 838.59589 | T15: 838.22988 | U15: 837.88221 | V15: 837.55198
A16: 农村居民在外人均稻谷消费量（千克/人） | B16: =(AD16/K16)^(1/19)*100-100 -> -100 | J16: FEED DEMAND | K16: 2509.86 | L16: 2903.84 | M16: 2889.8384 | N16: 2882.0942 | O16: 2877.6089 | P16: 2874.4276 | Q16: 2871.1268 | R16: 2867.8254 | S16: 2864.722 | T16: 2861.801 | U16: 2859.0557 | V16: 2856.4772
A17: 城镇居民在家人均稻谷消费量（千克/人） | B17: =(AD17/K17)^(1/19)*100-100 -> -100 | J17: PROCESSING DEMAND | K17: 2930 | L17: 2800 | M17: 2965.3056 | N17: 3139.6647 | O17: 3321.7646 | P17: 3512.1632 | Q17: 3712.2361 | R17: 3920.773 | S17: 4138.5656 | T17: 4366.5107 | U17: 4604.4662 | V17: 4852.6999
A18: 城镇居民在外人均稻谷消费量（千克/人） | B18: =(AD18/K18)^(1/19)*100-100 -> -100 | J18: WASTE DEMAND | K18: 1390.14 | L18: 1396.164 | M18: 1399.3 | N18: 1402.5234 | O18: 1405.8381 | P18: 1409.23 | Q18: 1412.7533 | R18: 1416.3627 | S18: 1420.0656 | T18: 1423.8756 | U18: 1427.7967 | V18: 1431.8356
A19: 农村居民稻谷口粮总消费量（万吨） | B19: =(AD19/K19)^(1/19)*100-100 -> -100 | J19: STOCK CHANGE | K19: 3577.23 | L19: 3156.876 | M19: 3394.4638 | N19: 3467.1849 | O19: 3497.8845 | P19: 3529.1082 | Q19: 3560.9892 | R19: 3593.4468 | S19: 3626.5061 | T19: 3660.207 | U19: 3694.5666 | V19: 3729.6098
... A23: 稻谷加工消费量（万吨） | B23: =(AD23/K23)^(1/19)*100-100 -> -100 | J23: CARBON EMISSION | K23: 21019.604 | L23: 20847.774 | M23: 20833.222 | N23: 20688.718 | O23: 20517.099 | P23: 20354.412 | Q23: 20200.345 | R23: 20053.544 | S23: 19920.304 | T23: 19794.111 | U23: 19674.51 | V23: 19561.761
A24: 稻谷损耗量（万吨） | B24: =(AD24/K24)^(1/19)*100-100 -> #DIV/0!
A25: 稻谷库存变化(万吨） | B25: =(AD25/K25)^(1/19)*100-100 -> #DIV/0!
A26: 稻谷消费者价格（元/吨） | B26: =(AD26/K26)^(1/19)*100-100 -> #DIV/0!
A27: 稻谷生产者价格（元/吨） | B27: =(AD27/K27)^(1/19)*100-100 -> #DIV/0!
A28: 食物总需求 | B28: =(AD28/K28)^(1/19)*100-100 -> #DIV/0!
A29: 农村居民人均稻谷消费量（千克/人） | B29: =(AD29/K29)^(1/19)*100-100 -> #DIV/0!
A30: 城镇居民人均稻谷消费量（千克/人） | B30: =(AD30/K30)^(1/19)*100-100 -> #DIV/0!
A31: 农村居民在家稻谷口粮总消费量（万吨） | B31: =(AD31/K31)^(1/19)*100-100 -> #DIV/0!
A32: 农村居民在外稻谷口粮总消费量（万吨） | B32: =(AD32/K32)^(1/19)*100-100 -> #DIV/0!
A33: 城镇居民在家稻谷口粮总消费量（万吨） | B33: =(AD33/K33)^(1/19)*100-100 -> #DIV/0!
A34: 城镇居民在外稻谷口粮总消费量（万吨） | B34: =(AD34/K34)^(1/19)*100-100 -> #DIV/0!

Sheet GUWUX
L5: =L11/L10 -> 0.98707038 | Y5: =Y11/Y10 -> #DIV/0!
B6: BASE | K6: BASE | L6: BASE | M6: BASE | N6: BASE | O6: BASE | P6: BASE | Q6: BASE | R6: BASE | S6: BASE | T6: BASE | U6: BASE | V6: BASE
B7: 2016-2035 | K7: 2024 | L7: 2025 | M7: 2026 | N7: 2027 | O7: 2028 | P7: 2029 | Q7: 2030 | R7: 2031 | S7: 2032 | T7: 2033 | U7: 2034 | V7: 2035
A8: 稻谷种植面积（万公顷） | B8: =(AD8/K8)^(1/19)*100-100 -> -100 | J8: AREA | K8: 9733.53 | L8: 9752.733 | M8: 9746.3835 | N8: 9740.0332 | O8: 9733.8565 | P8: 9727.4154 | Q8: 9721.1322 | R8: 9715.1657 | S8: 9709.5 | T8: 9704.1197 | U8: 9699.0103 | V8: 9694.1582
A9: 稻谷单产（千克/公顷） | B9: =(AD9/K9)^(1/19)*100-100 -> -100 | J9: YIELD | K9: 19.685963 | L9: 19.849158 | M9: 19.925121 | N9: 20.001675 | O9: 20.07929 | P9: 20.158027 | Q9: 20.23809 | R9: 20.319253 | S9: 20.401694 | T9: 20.485708 | U9: 20.571405 | V9: 20.658953
A10: 总供给 | B10: =(AD10/K10)^(1/19)*100-100 -> -100 | J10: TOTAL SUPPLY | K10: 66803.23 | L10: 65886.69 | M10: 66204.347 | N10: 66603.285 | O10: 66766.124 | P10: 66907.721 | Q10: 67046.616 | R10: 67186.598 | S10: 67344.917 | T10: 67512.373 | U10: 67688.238 | V10: 67873.55
A11: 稻谷产量（万吨） | B11: =(AD11/K11)^(1/19)*100-100 -> -100 | J11: PRODUCTION | K11: 64255.4 | L11: 65034.8 | M11: 65268.951 | N11: 65504.672 | O11: 65744.922 | P11: 65986.43 | Q11: 66232.684 | R11: 66484.579 | S11: 66742.647 | T11: 67007.814 | U11: 67280.385 | V11: 67560.865
A12: 稻谷净进口 | B12: =(AD12/K12)^(1/19)*100-100 -> -100 | J12: NET IMPORT | K12: 2547.83 | L12: 851.89 | M12: 935.39631 | N12: 1098.6134 | O12: 1021.2016 | P12: 921.29058 | Q12: 813.93145 | R12: 702.01893 | S12: 602.27046 | T12: 504.55932 | U12: 407.85276 | V12: 312.68481
A13: 稻谷总需求（万吨） | B13: =(AD13/K13)^(1/19)*100-100 -> -100 | J13: TOTAL DEMAND | K13: 66803.23 | L13: 65886.69 | M13: 66204.347 | N13: 66603.285 | O13: 66766.124 | P13: 66907.721 | Q13: 67046.616 | R13: 67186.598 | S13: 67344.917 | T13: 67512.373 | U13: 67688.238 | V13: 67873.55
A14: 稻谷人均消费量（千克/人） | B14: =(AD14/K14)^(1/19)*100-100 -> -100 | J14: PER CAPITA FOOD DEMAND | K14: 189.16693 | L14: 187.34563 | M14: 185.83736 | N14: 184.41504 | O14: 183.09063 | P14: 181.86537 | Q14: 180.72275 | R14: 179.65659 | S14: 178.64681 | T14: 177.69634 | U14: 176.79949 | V14: 175.95289
A15: 农村居民在家人均稻谷消费量（千克/人） | B15: =(AD15/K15)^(1/19)*100-100 -> -100 | J15: SEED DEMAND | K15: 918 | L15: 966.5 | M15: 965.8208 | N15: 965.16966 | O15: 964.54649 | P15: 963.9494 | Q15: 963.4211 | R15: 962.91934 | S15: 962.44278 | T15: 961.99014 | U15: 961.56023 | V15: 961.1519
A16: 农村居民在外人均稻谷消费量（千克/人） | B16: =(AD16/K16)^(1/19)*100-100 -> -100 | J16: FEED DEMAND | K16: 19709.86 | L16: 22403.84 | M16: 22433.657 | N16: 22432.398 | O16: 22460.043 | P16: 22500.617 | Q16: 22541.307 | R16: 22582.92 | S16: 22626.611 | T16: 22672.27 | U16: 22719.853 | V16: 22769.301
A17: 城镇居民在家人均稻谷消费量（千克/人） | B17: =(AD17/K17)^(1/19)*100-100 -> -100 | J17: PROCESSING DEMAND | K17: 10680 | L17: 10700 | M17: 10954.27 | N17: 11217.059 | O17: 11483.019 | P17: 11753.416 | Q17: 12031.81 | R17: 12313.744 | S17: 12601.076 | T17: 12895.681 | U17: 13196.512 | V17: 13503.731
A18: 城镇居民在外人均稻谷消费量（千克/人） | B18: =(AD18/K18)^(1/19)*100-100 -> -100 | J18: WASTE DEMAND | K18: 2864.74 | L18: 2902.339 | M18: 2913.2621 | N18: 2924.2418 | O18: 2935.4251 | P18: 2946.652 | Q18: 2958.0832 | R18: 2969.7749 | S18: 2981.7518 | T18: 2994.0569 | U18: 3006.7044 | V18: 3019.7179
A19: 农村居民稻谷口粮总消费量（万吨） | B19: =(AD19/K19)^(1/19)*100-100 -> -100 | J19: STOCK CHANGE | K19: 5990.63 | L19: 2594.011 | M19: 2856.9775 | N19: 3224.0769 | O19: 3320.7198 | P19: 3375.5209 | Q19: 3417.2254 | R19: 3453.8988 | S19: 3488.6261 | T19: 3522.7683 | U19: 3556.9579 | V19: 3591.5163
... A23: 稻谷加工消费量（万吨） | B23: =(AD23/K23)^(1/19)*100-100 -> -100 | J23: CARBON EMISSION | K23: 26558.956 | L23: 26182.271 | M23: 26145.339 | N23: 26022.083 | O23: 25831.767 | P23: 25643.697 | Q23: 25461.263 | R23: 25284.169 | S23: 25119.809 | T23: 24961.81 | U23: 24809.648 | V23: 24663.589
A24: 稻谷损耗量（万吨） | B24: =(AD24/K24)^(1/19)*100-100 -> #DIV/0!
A25: 稻谷库存变化(万吨） | B25: =(AD25/K25)^(1/19)*100-100 -> #DIV/0!
A26: 稻谷消费者价格（元/吨） | B26: =(AD26/K26)^(1/19)*100-100 -> #DIV/0!
A27: 稻谷生产者价格（元/吨） | B27: =(AD27/K27)^(1/19)*100-100 -> #DIV/0!
A28: 食物总需求 | B28: =(AD28/K28)^(1/19)*100-100 -> #DIV/0!
A29: 农村居民人均稻谷消费量（千克/人） | B29: =(AD29/K29)^(1/19)*100-100 -> #DIV/0!
A30: 城镇居民人均稻谷消费量（千克/人） | B30: =(AD30/K30)^(1/19)*100-100 -> #DIV/0!
A31: 农村居民在家稻谷口粮总消费量（万吨） | B31: =(AD31/K31)^(1/19)*100-100 -> #DIV/0!
A32: 农村居民在外稻谷口粮总消费量（万吨） | B32: =(AD32/K32)^(1/19)*100-100 -> #DIV/0!
A33: 城镇居民在家稻谷口粮总消费量（万吨） | B33: =(AD33/K33)^(1/19)*100-100 -> #DIV/0!
A34: 城镇居民在外稻谷口粮总消费量（万吨） | B34: =(AD34/K34)^(1/19)*100-100 -> #DIV/0!

Sheet LISHX
X1: =X2/X3 -> -1
X2: =X11-X3 -> -66949.2
X3: 66949.2
K4: 141.67237 | M4: =M16/M10 -> 0.30789107 | V4: =V11/V10 -> 0.86457259 | W4: =W11/W10 -> #DIV/0! | X4: =X11/X13 -> #DIV/0! | AA4: =AA10/AA9 -> #DIV/0!
Y5: =Y11/Y13 -> #DIV/0!
B6: BASE | K6: BASE | L6: BASE | M6: BASE | N6: BASE | O6: BASE | P6: BASE | Q6: BASE | R6: BASE | S6: BASE | T6: BASE | U6: BASE | V6: BASE
B7: 2016-2035 | I7: 1 | K7: 2024 | L7: 2025 | M7: 2026 | N7: 2027 | O7: 2028 | P7: 2029 | Q7: 2030 | R7: 2031 | S7: 2032 | T7: 2033 | U7: 2034 | V7: 2035
A8: 稻谷种植面积（万公顷） | B8: =(AD8/K8)^(1/19)*100-100 -> -100 | I8: 2 | J8: AREA | K8: 11931.9 | L8: 11940.9 | M8: 11953.292 | N8: 11966.122 | O8: 11979.567 | P8: 11993.244 | Q8: 12007.471 | R8: 12022.411 | S8: 12038.056 | T8: 12054.4 | U8: 12071.435 | V8: 12089.157
A9: 稻谷单产（千克/公顷） | B9: =(AD9/K9)^(1/19)*100-100 -> -100 | I9: 3 | J9: YIELD | K9: 33.889185 | L9: 34.307583 | M9: 34.461505 | N9: 34.618846 | O9: 34.780358 | P9: 34.946599 | Q9: 35.117623 | R9: 35.2441 | S9: 35.372479 | T9: 35.503317 | U9: 35.636849 | V9: 35.773408
A10: 总供给 | B10: =(AD10/K10)^(1/19)*100-100 -> -100 | I10: 4 | J10: TOTAL SUPPLY | K10: 86177 | L10: 85215.3 | M10: 85177.637 | N10: 85488.842 | O10: 85633.991 | P10: 85796.771 | Q10: 85971.271 | R10: 86149.017 | S10: 86355.624 | T10: 86578.029 | U10: 86813.898 | V10: 87063.207
A11: 稻谷产量（万吨） | B11: =(AD11/K11)^(1/19)*100-100 -> -100 | I11: 5 | J11: PRODUCTION | K11: 70650 | L11: 71488 | M11: 71845.738 | N11: 72211.87 | O11: 72589.79 | P11: 72976.885 | Q11: 73376.606 | R11: 73734.422 | S11: 74102.016 | T11: 74480.528 | U11: 74870.441 | V11: 75272.462
A12: 稻谷净进口 | B12: =(AD12/K12)^(1/19)*100-100 -> -100 | I12: 6 | J12: NET IMPORT | K12: 15527 | L12: 13727.3 | M12: 13331.899 | N12: 13276.972 | O12: 13044.201 | P12: 12819.886 | Q12: 12594.665 | R12: 12414.594 | S12: 12253.607 | T12: 12097.501 | U12: 11943.457 | V12: 11790.744
A13: 稻谷总需求（万吨） | B13: =(AD13/K13)^(1/19)*100-100 -> -100 | I13: 7 | J13: TOTAL DEMAND | K13: 86177 | L13: 85215.3 | M13: 85177.637 | N13: 85488.842 | O13: 85633.991 | P13: 85796.771 | Q13: 85971.271 | R13: 86149.017 | S13: 86355.624 | T13: 86578.029 | U13: 86813.898 | V13: 87063.207
A14: 稻谷人均消费量（千克/人） | B14: =(AD14/K14)^(1/19)*100-100 -> -100 | I14: 8 | J14: PER CAPITA FOOD DEMAND | K14: 207.12395 | L14: 203.45097 | M14: 202.00714 | N14: 200.65554 | O14: 199.40306 | P14: 198.25002 | Q14: 197.18117 | R14: 196.18836 | S14: 195.25517 | T14: 194.38207 | U14: 193.563 | V14: 192.79424
A15: 农村居民在家人均稻谷消费量（千克/人） | B15: =(AD15/K15)^(1/19)*100-100 -> -100 | I15: 9 | J15: SEED DEMAND | K15: 1118.0902 | L15: 1138.4333 | M15: 1139.2731 | N15: 1140.1761 | O15: 1141.1425 | P15: 1142.1748 | Q15: 1143.3076 | R15: 1144.4992 | S15: 1145.7489 | T15: 1147.056 | U15: 1148.4201 | V15: 1149.8407
A16: 农村居民在外人均稻谷消费量（千克/人） | B16: =(AD16/K16)^(1/19)*100-100 -> -100 | I16: 10 | J16: FEED DEMAND | K16: 23305.064 | L16: 26188.313 | M16: 26225.434 | N16: 26223.937 | O16: 26256.313 | P16: 26303.924 | Q16: 26351.731 | R16: 26400.667 | S16: 26452.039 | T16: 26505.718 | U16: 26561.654 | V16: 26619.774
A17: 城镇居民在家人均稻谷消费量（千克/人） | B17: =(AD17/K17)^(1/19)*100-100 -> -100 | I17: 11 | J17: PROCESSING DEMAND | K17: 12831.67 | L17: 12317.699 | M17: 12581.525 | N17: 12853.773 | O17: 13128.923 | P17: 13408.24 | Q17: 13695.423 | R17: 13985.948 | S17: 14281.783 | T17: 14584.758 | U17: 14893.785 | V17: 15209.019
A18: 城镇居民在外人均稻谷消费量（千克/人） | B18: =(AD18/K18)^(1/19)*100-100 -> -100 | I18: 12 | J18: CRUSH DEMAND | K18: 10240 | L18: 10650 | M18: 10423.108 | N18: 10418.995 | O18: 10447.838 | P18: 10492.532 | Q18: 10537.434 | R18: 10582.903 | S18: 10629.463 | T18: 10677.067 | U18: 10725.696 | V18: 10775.326
A19: 农村居民稻谷口粮总消费量（万吨） | B19: =(AD19/K19)^(1/19)*100-100 -> -100 | I19: 13 | J19: WASTE DEMAND | K19: 3251.4002 | L19: 3184.7093 | M19: 3203.1732 | N19: 3222.1174 | O19: 3241.7154 | P19: 3261.848 | Q19: 3282.6856 | R19: 3300.7635 | S19: 3319.3539 | T19: 3338.5141 | U19: 3358.27 | V19: 3378.6584
A20: 城镇居民稻谷口粮总消费量（万吨） | B20: =(AD20/K20)^(1/19)*100-100 -> -100 | I20: 14 | J20: OTHER DEMAND | K20: 0.747113 | L20: 1.835365 | M20: 1.8359945 | N20: 1.8366582 | O20: 1.8373813 | P20: 1.8382277 | Q20: 1.8391448 | R20: 1.8399169 | S20: 1.8405763 | T20: 1.8411688 | U20: 1.8417163 | V20: 1.8422471
A21: 稻谷种子消费量（万吨） | B21: =(AD21/K21)^(1/19)*100-100 -> -100 | J21: STOCK CHANGE | K21: 6261.1762 | L21: 3151.6856 | M21: 3253.6667 | N21: 3512.0387 | O21: 3532.8127 | P21: 3533.2289 | Q21: 3535.059 | R21: 3537.4805 | S21: 3546.1356 | T21: 3560.1418 | U21: 3578.5989 | V21: 3600.7591
A22: 稻谷饲料消费量（万吨） | B22: =(AD22/K22)^(1/19)*100-100 -> -100 | J22: DOMESTIC DEMAND | K22: 79915.824 | L22: 82063.614 | M22: 81923.97 | N22: 81976.804 | O22: 82101.178 | P22: 82263.543 | Q22: 82436.212 | R22: 82611.536 | S22: 82809.488 | T22: 83017.887 | U22: 83235.299 | V22: 83462.448
A23: 稻谷加工消费量（万吨） | B23: =(AD23/K23)^(1/19)*100-100 -> -100 | J23: energy | K23: 1473.5228 | L23: 1448.9096 | M23: 1439.3555 | N23: 1430.4548 | O23: 1422.2333 | P23: 1414.6897 | Q23: 1407.7248 | R23: 1401.2739 | S23: 1395.2407 | T23: 1389.6185 | U23: 1384.3647 | V23: 1379.4527
J24: TOTAL FOOD DEMAND BY ALL HOUSEHOLD | K24: 29168.852 | L24: 28582.624 | M24: 28349.621 | N24: 28115.968 | O24: 27883.409 | P24: 27652.985 | Q24: 27423.791 | R24: 27194.916 | S24: 26979.26 | T24: 26762.934 | U24: 26545.632 | V24: 26327.987
A25: 稻谷损耗量（万吨） | B25: =(AD25/K25)^(1/19)*100-100 -> -100 | J25: CARBON EMISSION | K25: 27120.777 | L25: 26863.591 | M25: 26727.974 | N25: 26563.987 | O25: 26346.965 | P25: 26139.796 | Q25: 25941.372 | R25: 25758.411 | S25: 25589.816 | T25: 25428.567 | U25: 25273.841 | V25: 25125.699
A26: 稻谷库存变化(万吨） | B26: =(AD26/K26)^(1/19)*100-100 -> #DIV/0!
A27: 稻谷消费者价格（元/吨） | B27: =(AD27/K27)^(1/19)*100-100 -> #DIV/0!
A28: 稻谷生产者价格（元/吨） | B28: =(AD28/K28)^(1/19)*100-100 -> #DIV/0!
A29: 食物总需求 | B29: =(AD29/K29)^(1/19)*100-100 -> #DIV/0!
A30: 农村居民人均稻谷消费量（千克/人） | B30: =(AD30/K30)^(1/19)*100-100 -> #DIV/0!
A31: 城镇居民人均稻谷消费量（千克/人） | B31: =(AD31/K31)^(1/19)*100-100 -> #DIV/0!
A32: 农村居民在家稻谷口粮总消费量（万吨） | B32: =(AD32/K32)^(1/19)*100-100 -> #DIV/0! | I32: 总人口（千人）
A33: 农村居民在外稻谷口粮总消费量（万吨） | B33: =(AD33/K33)^(1/19)*100-100 -> #DIV/0!
A34: 城镇居民在家稻谷口粮总消费量（万吨） | B34: =(AD34/K34)^(1/19)*100-100 -> #DIV/0!
A35: 城镇居民在外稻谷口粮总消费量（万吨） | B35: =(AD35/K35)^(1/19)*100-100 -> #DIV/0!

Sheet PGDPX
I4: 汇率 | J4: 6.4512 | K4: 6.720825 | L4: 7.04225 | M4: 6.7386846 | N4: 6.6114011 | O4: 6.5208986 | P4: 6.5132848 | Q4: 6.4965676 | R4: 6.4798934 | S4: 6.463262 | T4: 6.4466732 | U4: 6.4301271 | V4: 6.4136234 | W4: 6.397162 | X4: 6.3896926 | Y4: 6.3822319 | Z4: 6.37478 | AA4: 6.3673367 | AB4: 6.3599021 | AC4: 6.3524762 | AD4: 6.345059 | AE4: 6.3376504 | AF4: 6.3302505 | AG4: 6.3228593 | AH4: 6.3154766 | AI4: 6.3081026 | AJ4: 6.3007372 | AK4: 6.2933804 | AL4: 6.2860321 | AM4: 6.2786925
K6: BASE | L6: BASE | M6: BASE | N6: BASE | O6: BASE | P6: BASE | Q6: BASE | R6: BASE | S6: BASE | T6: BASE | U6: BASE | V6: BASE
K7: 2024 | L7: 2025 | M7: 2026 | N7: 2027 | O7: 2028 | P7: 2029 | Q7: 2030 | R7: 2031 | S7: 2032 | T7: 2033 | U7: 2034 | V7: 2035
I8: 人均GDP 元 | J8: PER CAPITA GDP | K8: 95796.575 | L8: 99785.677 | M8: 104756.57 | N8: 109998.54 | O8: 115415.18 | P8: 121026.33 | Q8: 126902.63 | R8: 132954.15 | S8: 139128.09 | T8: 145545.65 | U8: 152182.7 | V8: 159036.28
I9: 年度增长率

Sheet CO2EX
K6: BASE | L6: BASE | M6: BASE | N6: BASE | O6: BASE | P6: BASE | Q6: BASE | R6: BASE | S6: BASE | T6: BASE | U6: BASE | V6: BASE
K7: 2024 | L7: 2025 | M7: 2026 | N7: 2027 | O7: 2028 | P7: 2029 | Q7: 2030 | R7: 2031 | S7: 2032 | T7: 2033 | U7: 2034 | V7: 2035
I8: 种植业的排放当量万吨 | J8: CROP EMISSION | K8: 34176.328 | L8: 33530.49 | M8: 33401.666 | N8: 33204.928 | O8: 32954.669 | P8: 32713.053 | Q8: 32478.917 | R8: 32259.01 | S8: 32053.653 | T8: 31854.618 | U8: 31661.033 | V8: 31472.984
I9: 养殖业的排放当量万吨 | J9: LIVESTOCK EMISSION | K9: 31534.668 | L9: 31580.704 | M9: 31018.223 | N9: 30710.926 | O9: 30777.501 | P9: 30987.834 | Q9: 31176.41 | R9: 31347.359 | S9: 31535.823 | T9: 31715.344 | U9: 31884.897 | V9: 32044.485
I10: co2排放当量万吨 | J10: TOTAL EMISSION | K10: 65710.996 | L10: 65111.194 | M10: 64419.889 | N10: 63915.854 | O10: 63732.17 | P10: 63700.886 | Q10: 63655.327 | R10: 63606.369 | S10: 63589.476 | T10: 63569.961 | U10: 63545.93 | V10: 63517.469

Sheet POPUX
K6: BASE | L6: BASE | M6: BASE | N6: BASE | O6: BASE | P6: BASE | Q6: BASE | R6: BASE | S6: BASE | T6: BASE | U6: BASE | V6: BASE
K7: 2024 | L7: 2025 | M7: 2026 | N7: 2027 | O7: 2028 | P7: 2029 | Q7: 2030 | R7: 2031 | S7: 2032 | T7: 2033 | U7: 2034 | V7: 2035
I8: 总人口（千人） | J8: TOTAL POPULATION | K8: 140828 | L8: 140489 | M8: 140339.7 | N8: 140120.57 | O8: 139834.41 | P8: 139485.41 | Q8: 139079.16 | R8: 138616.36 | S8: 138174.37 | T8: 137682.11 | U8: 137142.08 | V8: 136560.03
I9: 城镇人口 | J9: URBAN POPULATION | K9: 94350 | L9: 95380 | M9: 96404.532 | N9: 97265.815 | O9: 97975.818 | P9: 98547.14 | Q9: 98992.235 | R9: 99319.592 | S9: 99591.941 | T9: 99765.558 | U9: 99847.8 | V9: 99848.461
I10: 城镇化率 | J10: URBANIZATION RATE | K10: 0.6699662 | L10: 0.67891436 | M10: 0.686937 | N10: 0.694158 | O10: 0.700656 | P10: 0.706505 | Q10: 0.711769 | R10: 0.716507 | S10: 0.72077 | T10: 0.724608 | U10: 0.728061 | V10: 0.731169

Sheet ENGYX
K6: BASE | L6: BASE | M6: BASE | N6: BASE | O6: BASE | P6: BASE | Q6: BASE | R6: BASE | S6: BASE | T6: BASE | U6: BASE | V6: BASE
K7: 2024 | L7: 2025 | M7: 2026 | N7: 2027 | O7: 2028 | P7: 2029 | Q7: 2030 | R7: 2031 | S7: 2032 | T7: 2033 | U7: 2034 | V7: 2035
H8: 每人每天摄入量 | I8: 膳食能量 | J8: energy | K8: 2960.2672 | L8: 2993.8945 | M8: 2990.0227 | N8: 2987.382 | O8: 2985.9948 | P8: 2985.4468 | Q8: 2985.4638 | R8: 2985.873 | S8: 2986.9847 | T8: 2988.5407 | U8: 2990.4759 | V8: 2992.7348
I9: 蛋白质 | J9: protein | K9: 95.301286 | L9: 96.002425 | M9: 96.007414 | N9: 96.058651 | O9: 96.211691 | P9: 96.40982 | Q9: 96.616761 | R9: 96.830597 | S9: 97.071565 | T9: 97.326039 | U9: 97.5916 | V9: 97.866317
I10: 脂肪 | J10: fat | K10: 115.993 | L10: 119.49443 | M10: 119.86816 | N10: 120.28932 | O10: 120.73679 | P10: 121.19302 | Q10: 121.65348 | R10: 122.10774 | S10: 122.5849 | T10: 123.06616 | U10: 123.54971 | V10: 124.03304
I11: 碳水化合物 | J11: CARBOHYDRATE | K11: 378.22324 | L11: 377.97046 | M11: 376.04784 | N11: 374.26989 | O11: 372.6415 | P11: 371.15658 | Q11: 369.79161 | R11: 368.53187 | S11: 367.36267 | T11: 366.27945 | U11: 365.27307 | V11: 364.33774
H12: 膳食能量构成 | I12: 蛋白质 | J12: ENERGY FROM PROTEIN | K12: 0.1287739 | L12: 0.12826427 | M12: 0.12843703 | N12: 0.12861918 | O12: 0.12888394 | P12: 0.12917305 | Q12: 0.12944958 | R12: 0.12971831 | S12: 0.12999272 | T12: 0.13026564 | U12: 0.13053655 | V12: 0.1308052
I13: 脂肪 | J13: ENERGY FROM FAT | K13: 0.35264958 | L13: 0.35921434 | M13: 0.36080442 | N13: 0.36239217 | O13: 0.36390924 | P13: 0.3653514 | Q13: 0.36673742 | R13: 0.36805641 | S13: 0.36935713 | T13: 0.37061413 | U13: 0.37182959 | V13: 0.37300244
I14: 碳水化合物 | J14: ENERGY FROM CARBOHYDRATE | K14: 0.51857652 | L14: 0.51252139 | M14: 0.51075855 | N14: 0.50898865 | O14: 0.50720682 | P14: 0.50547554 | Q14: 0.50381299 | R14: 0.50222528 | S14: 0.50065015 | T14: 0.49912023 | U14: 0.49763386 | V14: 0.49619236
H15: 膳食能量构成 | I15: 植物类食物 | J15: ENERGY FROM PLANT | K15: 0.61250707 | L15: 0.60222069 | M15: 0.60040893 | N15: 0.59859551 | O15: 0.59675268 | P15: 0.5949603 | Q15: 0.59325034 | R15: 0.59162278 | S15: 0.59001262 | T15: 0.5884531 | U15: 0.58694171 | V15: 0.58547942
I16: 油脂类食物 | J16: ENERGY FROM OIL | K16: 0.18063161 | L16: 0.18480705 | M16: 0.18622095 | N16: 0.18763398 | O16: 0.18897909 | P16: 0.19026939 | Q16: 0.19153504 | R16: 0.19275657 | S16: 0.19395935 | T16: 0.19512992 | U16: 0.19627 | V16: 0.19737881
I17: 动物类食物 | J17: ENERGY FROM ANIMAL | K17: 0.19030998 | L17: 0.19418302 | M17: 0.1944952 | N17: 0.19481822 | O17: 0.19524888 | P17: 0.19569183 | Q17: 0.19608265 | R17: 0.1964398 | S17: 0.19680345 | T17: 0.19715291 | U17: 0.19748841 | V17: 0.19780942
H18: 蛋白质构成 | I18: 植物类食物 | J18: PROTEIN FROM PLANT | K18: 0.59154502 | L18: 0.58147729 | M18: 0.58019928 | N18: 0.57888142 | O18: 0.5771274 | P18: 0.57526933 | Q18: 0.5735194 | R18: 0.5718446 | S18: 0.57015767 | T18: 0.56850415 | U18: 0.56688397 | V18: 0.56529852
I19: 动物类食物 | J19: PROTEIN FROM ANIMAL | K19: 0.40845498 | L19: 0.41852271 | M19: 0.41980072 | N19: 0.42111858 | O19: 0.4228726 | P19: 0.42473067 | Q19: 0.4264806 | R19: 0.4281554 | S19: 0.42984233 | T19: 0.43149585 | U19: 0.43311603 | V19: 0.43470148

Sheet RICEX
K3: =K9/15 -> 476.97847 | L3: =L9/15 -> 480.35194 | M3: =M9/15 -> 481.99444 | N3: =N9/15 -> 483.64783 | O3: =O9/15 -> 485.31482 | P3: =P9/15 -> 486.99063 | Q3: =Q9/15 -> 488.67689 | R3: =R9/15 -> 490.37537 | ... W3: =W9/15 -> 0
L4: =L5/GUWUX!L22 -> 3.762876e-05
L5: =L11/L10 -> 0.99038895
K6: BASE | L6: BASE | M6: BASE | N6: BASE | O6: BASE | P6: BASE | Q6: BASE | R6: BASE | S6: BASE | T6: BASE | U6: BASE | V6: BASE
K7: 2024 | L7: 2025 | M7: 2026 | N7: 2027 | O7: 2028 | P7: 2029 | Q7: 2030 | R7: 2031 | S7: 2032 | T7: 2033 | U7: 2034 | V7: 2035
H8: 种植面积（万公顷） | J8: AREA | K8: 2900.69 | L8: 2901.22 | M8: 2899.6812 | N8: 2898.2505 | O8: 2896.8979 | P8: 2895.4794 | Q8: 2894.0518 | R8: 2892.6961 | S8: 2891.4087 | T8: 2890.186 | U8: 2889.0249 | V8: 2887.9221
H9: 单产（千克/公顷） | J9: YIELD | K9: 7154.677 | L9: 7205.2792 | M9: 7229.9166 | N9: 7254.7175 | O9: 7279.7223 | P9: 7304.8594 | Q9: 7330.1534 | R9: 7355.6305 | S9: 7381.3127 | T9: 7407.2362 | U9: 7433.4142 | V9: 7459.8671
H10: 总供给（万吨） | J10: TOTAL SUPPLY | K10: 20832.07 | L10: 21106.96 | M10: 21304.815 | N10: 21345.047 | O10: 21349.459 | P10: 21361.983 | Q10: 21382.975 | R10: 21410.923 | S10: 21452.91 | T10: 21502.319 | U10: 21558.87 | V10: 21623.098
H11: 产量（万吨） | J11: PRODUCTION | K11: 20753.5 | L11: 20904.1 | M11: 20964.453 | N11: 21025.989 | O11: 21088.612 | P11: 21151.07 | Q11: 21213.844 | R11: 21277.604 | S11: 21342.392 | T11: 21408.291 | U11: 21475.318 | V11: 21543.515
H12: 净进口（万吨） | J12: NET IMPORT | K12: 78.57 | L12: 202.86 | M12: 340.3618 | N12: 319.05859 | O12: 260.84719 | P12: 210.91325 | Q12: 169.13118 | R12: 133.31877 | S12: 110.5182 | T12: 94.028241 | U12: 83.551563 | V12: 79.582612
H13: 总需求（万吨） | J13: TOTAL DEMAND | K13: 20832.07 | L13: 21106.96 | M13: 21304.815 | N13: 21345.047 | O13: 21349.459 | P13: 21361.983 | Q13: 21382.975 | R13: 21410.923 | S13: 21452.91 | T13: 21502.319 | U13: 21558.87 | V13: 21623.098
H14: 人均食用消费量（千克/人） | J14: PER CAPITA FOOD DEMAND | K14: 111.12847 | L14: 110.68482 | M14: 109.77017 | N14: 108.90481 | O14: 108.0971 | P14: 107.35248 | Q14: 106.66086 | R14: 106.01542 | S14: 105.40339 | T14: 104.82685 | U14: 104.28236 | V14: 103.7679
H15: 种子消费量（万吨） | J15: SEED DEMAND | K15: 141 | L15: 142 | M15: 141.92468 | N15: 141.85466 | O15: 141.78846 | P15: 141.71903 | Q15: 141.64916 | R15: 141.5828 | S15: 141.51979 | T15: 141.45994 | U15: 141.40311 | V15: 141.34913
H16: 饲料消费量（万吨） | J16: FEED DEMAND | K16: 1069.86 | L16: 863.84 | M16: 860.54282 | N16: 858.98196 | O16: 857.41669 | P16: 855.64637 | Q16: 853.74897 | R16: 851.778 | S16: 849.84737 | T16: 847.95216 | U16: 846.09008 | V16: 844.25814
H17: 加工消费量（万吨） | J17: PROCESSING DEMAND | K17: 1780 | L17: 1800 | M17: 1907.7131 | N17: 2021.3924 | O17: 2140.1374 | P17: 2264.3502 | Q17: 2394.9644 | R17: 2531.1207 | S17: 2673.3413 | T17: 2822.2363 | U17: 2977.6986 | V17: 3139.9
H18: 损耗和浪费（万吨） | J18: WASTE DEMAND | K18: 830.14 | L18: 836.164 | M18: 838.57813 | N18: 841.03955 | O18: 843.54449 | P18: 846.04281 | Q18: 848.55376 | R18: 851.10416 | S18: 853.69567 | T18: 856.33162 | U18: 859.01274 | V18: 861.7406
H19: 库存变化（万吨） | J19: STOCK CHANGE | K19: 1361.07 | L19: 1914.956 | M19: 2150.9429 | N19: 2221.9741 | O19: 2250.878 | P19: 2280.1198 | Q19: 2309.7558 | R19: 2339.8649 | S19: 2370.4594 | T19: 2401.5565 | U19: 2433.1664 | V19: 2465.302
... H23: 碳排放（万吨） | J23: CARBON EMISSION | K23: 17647.483 | L23: 17664.067 | M23: 17677.811 | N23: 17559.586 | O23: 17412.487 | P23: 17273.137 | Q23: 17141.588 | R23: 17016.394 | S23: 16902.967 | T23: 16795.748 | U23: 16694.346 | V23: 16598.99

Sheet WHEAX
K3: =K9/15 -> 395.9713 | L3: =L9/15 -> 395.989 | M3: =M9/15 -> 396.79366 | N3: =N9/15 -> 397.61176 | O3: =O9/15 -> 398.4513 | P3: =P9/15 -> 399.32951 | Q3: =Q9/15 -> 400.25213 | R3: =R9/15 -> 401.19848 | ... W3: =W9/15 -> 0
L5: =L11/L10 -> 0.97326833
K6: BASE | L6: BASE | M6: BASE | N6: BASE | O6: BASE | P6: BASE | Q6: BASE | R6: BASE | S6: BASE | T6: BASE | U6: BASE | V6: BASE
K7: 2024 | L7: 2025 | M7: 2026 | N7: 2027 | O7: 2028 | P7: 2029 | Q7: 2030 | R7: 2031 | S7: 2032 | T7: 2033 | U7: 2034 | V7: 2035
H8: 种植面积（万公顷） | J8: AREA | K8: 2358.74 | L8: 2358.18 | M8: 2356.4315 | N8: 2354.7787 | O8: 2353.2059 | P8: 2351.7623 | Q8: 2350.5589 | R8: 2349.4157 | S8: 2348.3299 | T8: 2347.2985 | U8: 2346.3187 | V8: 2345.388
H9: 单产（千克/公顷） | J9: YIELD | K9: 5939.5694 | L9: 5939.835 | M9: 5951.9049 | N9: 5964.1764 | O9: 5976.7694 | P9: 5989.9427 | Q9: 6003.7819 | R9: 6017.9772 | S9: 6032.5981 | T9: 6047.7599 | U9: 6063.5032 | V9: 6079.8913
H10: 总供给（万吨） | J10: TOTAL SUPPLY | K10: 15116.16 | L10: 14391.92 | M10: 14354.245 | N10: 14324.399 | O10: 14301.692 | P10: 14284.366 | Q10: 14271.119 | R10: 14261.72 | S10: 14260.206 | T10: 14262.792 | U10: 14269.352 | V10: 14280.201
H11: 产量（万吨） | J11: PRODUCTION | K11: 14009.9 | L11: 14007.2 | M11: 14025.256 | N11: 14044.316 | O11: 14064.569 | P11: 14086.922 | Q11: 14112.243 | R11: 14138.73 | S11: 14166.53 | T11: 14195.897 | U11: 14226.911 | V11: 14259.704
H12: 净进口（万吨） | J12: NET IMPORT | K12: 1106.26 | L12: 384.72 | M12: 328.98935 | N12: 280.08297 | O12: 237.12298 | P12: 197.44436 | Q12: 158.87565 | R12: 122.99004 | S12: 93.675424 | T12: 66.894266 | U12: 42.440769 | V12: 20.496204
H13: 总需求（万吨） | J13: TOTAL DEMAND | K13: 15116.16 | L13: 14391.92 | M13: 14354.245 | N13: 14324.399 | O13: 14301.692 | P13: 14284.366 | Q13: 14271.119 | R13: 14261.72 | S13: 14260.206 | T13: 14262.792 | U13: 14269.352 | V13: 14280.201
H14: 人均食用消费量（千克/人） | J14: PER CAPITA FOOD DEMAND | K14: 64.617832 | L14: 62.994256 | M14: 62.445863 | N14: 61.92759 | O14: 61.444454 | P14: 60.992051 | Q14: 60.564777 | R14: 60.164485 | S14: 59.783983 | T14: 59.424598 | U14: 59.084383 | V14: 58.76226
H15: 种子消费量（万吨） | J15: SEED DEMAND | K15: 650 | L15: 700 | M15: 699.48097 | N15: 698.99037 | O15: 698.52349 | P15: 698.09499 | Q15: 697.73775 | R15: 697.39843 | S15: 697.0761 | T15: 696.76993 | U15: 696.4791 | V15: 696.20285
H16: 食物消费需求（万吨） | J16: FEED DEMAND | K16: 1440 | L16: 2040 | M16: 2029.2955 | N16: 2023.1122 | O16: 2020.1922 | P16: 2018.7812 | Q16: 2017.3779 | R16: 2016.0474 | S16: 2014.8746 | T16: 2013.8488 | U16: 2012.9656 | V16: 2012.2191
H17: 饲料消费量（万吨） | J17: PROCESSING DEMAND | K17: 1150 | L17: 1000 | M17: 1057.5925 | N17: 1118.2723 | O17: 1181.6272 | P17: 1247.813 | Q17: 1317.2717 | R17: 1389.6523 | S17: 1465.2243 | T17: 1544.2744 | U17: 1626.7676 | V17: 1712.7999
H18: 加工消费量（万吨） | J18: WASTE DEMAND | K18: 560 | L18: 560 | M18: 560.72187 | N18: 561.48387 | O18: 562.29358 | P18: 563.18723 | Q18: 564.19956 | R18: 565.25851 | S18: 566.36994 | T18: 567.54402 | U18: 568.78392 | V18: 570.09498
H19: 损耗和浪费（万吨） | J19: STOCK CHANGE | K19: 2216.16 | L19: 1241.92 | M19: 1243.5209 | N19: 1245.2108 | O19: 1247.0065 | P19: 1248.9884 | Q19: 1251.2334 | R19: 1253.5819 | S19: 1256.0467 | T19: 1258.6505 | U19: 1261.4002 | V19: 1264.3078
... H23: 碳排放（万吨） | J23: CARBON EMISSION | K23: 3372.1208 | L23: 3183.7078 | M23: 3155.4113 | N23: 3129.1321 | O23: 3104.6118 | P23: 3081.2751 | Q23: 3058.7569 | R23: 3037.15 | S23: 3017.337 | T23: 2998.3622 | U23: 2980.1638 | V23: 2962.7705

Sheet MAIZX
K3: =K11/15 -> 1966.1333 | L3: =L11/15 -> 2008.2333 | M3: =M11/15 -> 2018.6161 | N3: =N11/15 -> 2028.9578 | O3: =O11/15 -> 2039.4494 | P3: =P11/15 -> 2049.8959 | Q3: =Q11/15 -> 2060.4398 | R3: =R11/15 -> 2071.2163 | ... W3: =W11/15 -> 0
L5: =L11/L10 -> 0.9913021
B6: BASE | K6: BASE | L6: BASE | M6: BASE | N6: BASE | O6: BASE | P6: BASE | Q6: BASE | R6: BASE | S6: BASE | T6: BASE | U6: BASE | V6: BASE
B7: 2016-2035 | K7: 2024 | L7: 2025 | M7: 2026 | N7: 2027 | O7: 2028 | P7: 2029 | Q7: 2030 | R7: 2031 | S7: 2032 | T7: 2033 | U7: 2034 | V7: 2035
A8: 总供给 | B8: =(AD8/K8)^(1/19)*100-100 -> -100 | J8: AREA | K8: 4474.1 | L8: 4493.333 | M8: 4490.2708 | N8: 4487.004 | O8: 4483.7527 | P8: 4480.1736 | Q8: 4476.5214 | R8: 4473.0538 | S8: 4469.7614 | T8: 4466.6352 | U8: 4463.6668 | V8: 4460.848
A9: 玉米产量（万吨） | B9: =(AD9/K9)^(1/19)*100-100 -> -100 | J9: YIELD | K9: 6591.7168 | L9: 6704.0435 | M9: 6743.2995 | N9: 6782.7815 | O9: 6822.7984 | P9: 6863.2248 | Q9: 6904.1549 | R9: 6945.6452 | S9: 6987.7834 | T9: 7030.712 | U9: 7074.4877 | V9: 7119.1947
A10: 玉米种植面积（万公顷） | B10: =(AD10/K10)^(1/19)*100-100 -> -100 | J10: TOTAL SUPPLY | K10: 30855 | L10: 30387.81 | M10: 30545.286 | N10: 30933.839 | O10: 31114.972 | P10: 31261.372 | Q10: 31392.522 | R10: 31513.955 | S10: 31631.802 | T10: 31747.263 | U10: 31860.016 | V10: 31970.252
A11: 玉米单产（千克/公顷） | B11: =(AD11/K11)^(1/19)*100-100 -> -100 | J11: PRODUCTION | K11: 29492 | L11: 30123.5 | M11: 30279.241 | N11: 30434.368 | O11: 30591.741 | P11: 30748.439 | Q11: 30906.597 | R11: 31068.245 | S11: 31233.725 | T11: 31403.626 | U11: 31578.156 | V11: 31757.646
A12: 玉米净进口 | B12: =(AD12/K12)^(1/19)*100-100 -> -100 | J12: NET IMPORT | K12: 1363 | L12: 264.31 | M12: 266.04515 | N12: 499.47185 | O12: 523.23147 | P12: 512.93297 | Q12: 485.92462 | R12: 445.71012 | S12: 398.07684 | T12: 343.63681 | U12: 281.86043 | V12: 212.606
A13: 玉米总需求（万吨） | B13: =(AD13/K13)^(1/19)*100-100 -> -100 | J13: TOTAL DEMAND | K13: 30855 | L13: 30387.81 | M13: 30545.286 | N13: 30933.839 | O13: 31114.972 | P13: 31261.372 | Q13: 31392.522 | R13: 31513.955 | S13: 31631.802 | T13: 31747.263 | U13: 31860.016 | V13: 31970.252
A14: 玉米人均消费量（千克/人） | B14: =(AD14/K14)^(1/19)*100-100 -> -100 | J14: PER CAPITA FOOD DEMAND | K14: 13.420627 | L14: 13.66655 | M14: 13.621324 | N14: 13.582632 | O14: 13.549074 | P14: 13.52084 | Q14: 13.497113 | R14: 13.476676 | S14: 13.459437 | T14: 13.444891 | U14: 13.432753 | V14: 13.42273
A15: 农村居民在家人均玉米消费量（千克/人） | B15: =(AD15/K15)^(1/19)*100-100 -> -100 | J15: SEED DEMAND | K15: 127 | L15: 124.5 | M15: 124.41515 | N15: 124.32464 | O15: 124.23455 | P15: 124.13538 | Q15: 124.03419 | R15: 123.93811 | S15: 123.84689 | T15: 123.76027 | U15: 123.67802 | V15: 123.59992
A16: 玉米饲料消费量（万吨） | B16: =(AD16/K16)^(1/19)*100-100 -> -100 | J16: FEED DEMAND | K16: 17200 | L16: 19500 | M16: 19543.819 | N16: 19550.304 | O16: 19582.434 | P16: 19626.189 | Q16: 19670.18 | R16: 19715.094 | S16: 19761.889 | T16: 19810.469 | U16: 19860.798 | V16: 19912.823
A17: 农村居民在外人均玉米消费量（千克/人） | B17: =(AD17/K17)^(1/19)*100-100 -> -100 | J17: PROCESSING DEMAND | K17: 7750 | L17: 7900 | M17: 7988.9642 | N17: 8077.3944 | O17: 8161.2548 | P17: 8241.2526 | Q17: 8319.5743 | R17: 8392.9707 | S17: 8462.5106 | T17: 8529.1703 | U17: 8592.0455 | V17: 8651.0312
A18: 城镇居民在家人均玉米消费量（千克/人） | B18: =(AD18/K18)^(1/19)*100-100 -> -100 | J18: WASTE DEMAND | K18: 1474.6 | L18: 1506.175 | M18: 1513.9621 | N18: 1521.7184 | O18: 1529.587 | P18: 1537.4219 | Q18: 1545.3299 | R18: 1553.4122 | S18: 1561.6862 | T18: 1570.1813 | U18: 1578.9078 | V18: 1587.8823
A19: 城镇居民在外人均玉米消费量（千克/人） | B19: =(AD19/K19)^(1/19)*100-100 -> -100 | J19: STOCK CHANGE | K19: 2413.4 | L19: -562.865 | M19: -537.48631 | N19: -243.10798 | O19: -177.16467 | P19: -153.58723 | Q19: -143.76379 | R19: -139.54798 | S19: -137.88 | T19: -137.43867 | U19: -137.60867 | V19: -138.09351
... A23: 玉米加工消费量（万吨） | B23: =(AD23/K23)^(1/19)*100-100 -> -100 | J23: CARBON EMISSION | K23: 5539.3519 | L23: 5334.497 | M23: 5312.1164 | N23: 5333.3655 | O23: 5314.6677 | P23: 5289.2843 | Q23: 5260.9182 | R23: 5230.6248 | S23: 5199.5047 | T23: 5167.699 | U23: 5135.1385 | V23: 5101.828
A24: 玉米损耗量（万吨） | B24: =(AD24/K24)^(1/19)*100-100 -> #DIV/0!
A29: 农村居民人均玉米消费量（千克/人） | B29: =(AD29/K29)^(1/19)*100-100 -> #DIV/0!
A30: 城镇居民人均玉米消费量（千克/人） | B30: =(AD30/K30)^(1/19)*100-100 -> #DIV/0!
A31: 农村居民在家玉米口粮总消费量（万吨） | B31: =(AD31/K31)^(1/19)*100-100 -> #DIV/0!
A32: 农村居民在外玉米口粮总消费量（万吨） | B32: =(AD32/K32)^(1/19)*100-100 -> #DIV/0!
A33: 城镇居民在家玉米口粮总消费量（万吨） | B33: =(AD33/K33)^(1/19)*100-100 -> #DIV/0!
A34: 城镇居民在外玉米口粮总消费量（万吨） | B34: =(AD34/K34)^(1/19)*100-100 -> #DIV/0!
B35: =(AD35/K35)^(1/19)*100-100 -> #DIV/0!

Sheet BARLX
B6: BASE | K6: BASE | L6: BASE | M6: BASE | N6: BASE | O6: BASE | P6: BASE | Q6: BASE | R6: BASE | S6: BASE | T6: BASE | U6: BASE | V6: BASE
B7: 2016-2035 | K7: 2024 | L7: 2025 | M7: 2026 | N7: 2027 | O7: 2028 | P7: 2029 | Q7: 2030 | R7: 2031 | S7: 2032 | T7: 2033 | U7: 2034 | V7: 2035
A8: 大豆种植面积（万公顷） | B8: =(AD8/K8)^(1/19)*100-100 -> -100 | J8: AREA | K8: 50 | L8: 56 | M8: 55.968776 | N8: 55.937178 | O8: 55.90516 | P8: 55.872708 | Q8: 55.840274 | R8: 55.809462 | S8: 55.78019 | T8: 55.752382 | U8: 55.725964 | V8: 55.700867
A9: 大豆单产（千克/公顷） | B9: =(AD9/K9)^(1/19)*100-100 -> -100 | J9: YIELD | K9: 4000 | L9: 4107.1429 | M9: 4103.4403 | N9: 4099.7739 | O9: 4096.2082 | P9: 4092.883 | Q9: 4089.717 | R9: 4086.4884 | S9: 4083.2569 | T9: 4080.1119 | U9: 4077.0907 | V9: 4074.2445
A10: 总供给 | B10: =(AD10/K10)^(1/19)*100-100 -> -100 | J10: TOTAL SUPPLY | K10: 1624 | L10: 1280 | M10: 1285.4475 | N10: 1290.0101 | O10: 1295.0205 | P10: 1300.1757 | Q10: 1305.2791 | R10: 1310.3008 | S10: 1315.3345 | T10: 1320.3343 | U10: 1325.279 | V10: 1330.1636
A11: 大豆产量（万吨） | B11: =(AD11/K11)^(1/19)*100-100 -> -100 | J11: PRODUCTION | K11: 200 | L11: 230 | M11: 229.66453 | N11: 229.32978 | O11: 228.99918 | P11: 228.68046 | Q11: 228.37092 | R11: 228.06472 | S11: 227.76485 | T11: 227.47596 | U11: 227.19981 | V11: 226.93895
A12: 大豆净进口 | B12: =(AD12/K12)^(1/19)*100-100 -> -100 | J12: NET IMPORT | K12: 1424 | L12: 1050 | M12: 1055.783 | N12: 1060.6803 | O12: 1066.0213 | P12: 1071.4953 | Q12: 1076.9082 | R12: 1082.2361 | S12: 1087.5696 | T12: 1092.8584 | U12: 1098.0792 | V12: 1103.2247
A13: 大豆总需求（万吨） | B13: =(AD13/K13)^(1/19)*100-100 -> -100 | J13: TOTAL DEMAND | K13: 1624 | L13: 1280 | M13: 1285.4475 | N13: 1290.0101 | O13: 1295.0205 | P13: 1300.1757 | Q13: 1305.2791 | R13: 1310.3008 | S13: 1315.3345 | T13: 1320.3343 | U13: 1325.279 | V13: 1330.1636
A14: 大豆人均消费量（千克/人） | B14: =(AD14/K14)^(1/19)*100-100 -> -100 | J14: PER CAPITA FOOD DEMAND | K14: 0.63424887 | L14: 0.27333101 | M14: 0.2722941 | N14: 0.27145029 | O14: 0.27074832 | P14: 0.27016413 | Q14: 0.26969559 | R14: 0.26932505 | S14: 0.26906813 | T14: 0.2688977 | U14: 0.26880477 | V14: 0.26877877
A15: 农村居民在家人均大豆消费量（千克/人） | B15: =(AD15/K15)^(1/19)*100-100 -> -100 | J15: SEED DEMAND | K15: 8.12 | L15: 6.4 | M15: 6.3964316 | N15: 6.3928204 | O15: 6.3891612 | P15: 6.3854523 | Q15: 6.3817456 | R15: 6.3782242 | S15: 6.3748789 | T15: 6.3717008 | U15: 6.3686816 | V15: 6.3658134
A16: 城镇居民在家人均大豆消费量（千克/人） | B16: =(AD16/K16)^(1/19)*100-100 -> -100 | J16: FEED DEMAND | K16: 430 | L16: 430 | M16: 430.82986 | N16: 430.80282 | O16: 431.3404 | P16: 432.14004 | Q16: 432.94865 | R16: 433.78072 | S16: 434.65344 | T16: 435.5647 | U16: 436.51365 | V16: 437.4991
A17: 农村居民大豆口粮总消费量（万吨） | B17: =(AD17/K17)^(1/19)*100-100 -> -100 | J17: PROCESSING DEMAND | K17: 1055.16 | L17: 789.6 | M17: 794.43029 | N17: 799.22415 | O17: 803.89889 | P17: 808.4558 | Q17: 812.95014 | R17: 817.34023 | S17: 821.67943 | T17: 825.94672 | U17: 830.12214 | V17: 834.20188
A18: 城镇居民大豆口粮总消费量（万吨） | B18: =(AD18/K18)^(1/19)*100-100 -> -100 | J18: WASTE DEMAND | K18: 81.2 | L18: 25.6 | M18: 25.562661 | N18: 25.525402 | O18: 25.488604 | P18: 25.453129 | Q18: 25.418676 | R18: 25.384595 | S18: 25.351218 | T18: 25.319063 | U18: 25.288326 | V18: 25.259292
A19: 大豆加工消费量（万吨） | B19: =(AD19/K19)^(1/19)*100-100 -> -100 | J19: STOCK CHANGE | K19: -39.8 | L19: -10 | M19: -9.9854145 | N19: -9.9708601 | O19: -9.956486 | P19: -9.9426286 | Q19: -9.9291703 | R19: -9.9158573 | S19: -9.9028194 | T19: -9.8902591 | U19: -9.8782525 | V19: -9.8669111
... A23: 大豆生产者价格（元/吨） | B23: =(AD23/K23)^(1/19)*100-100 -> -100 | J23: CARBON EMISSION | K23: 1.0067426 | L23: -8.8816557 | M23: -8.7333545 | N23: -8.6101242 | O23: -8.4735927 | P23: -8.3321664 | Q23: -8.1916857 | R23: -8.0534633 | S23: -7.9146815 | T23: -7.7764916 | U23: -7.6394508 | V23: -7.5036196
A24: 食物总需求 | B24: =(AD24/K24)^(1/19)*100-100 -> #DIV/0!
A25: 农村居民人均大豆消费量（千克/人） | B25: =(AD25/K25)^(1/19)*100-100 -> #DIV/0!
A26: 城镇居民人均大豆消费量（千克/人） | B26: =(AD26/K26)^(1/19)*100-100 -> #DIV/0!
A27: 农村居民在家大豆口粮总消费量（万吨） | B27: =(AD27/K27)^(1/19)*100-100 -> #DIV/0!
A28: 城镇居民在家大豆口粮总消费量（万吨） | B28: =(AD28/K28)^(1/19)*100-100 -> #DIV/0!

Sheet POTAX
B6: BASE | K6: BASE | L6: BASE | M6: BASE | N6: BASE | O6: BASE | P6: BASE | Q6: BASE | R6: BASE | S6: BASE | T6: BASE | U6: BASE | V6: BASE
B7: 2016-2035 | K7: 2024 | L7: 2025 | M7: 2026 | N7: 2027 | O7: 2028 | P7: 2029 | Q7: 2030 | R7: 2031 | S7: 2032 | T7: 2033 | U7: 2034 | V7: 2035
I8: 1 | J8: AREA | K8: 470 | L8: 453.18 | M8: 453.28764 | N8: 453.39361 | O8: 453.49483 | P8: 453.60374 | Q8: 453.70651 | R8: 453.80415 | S8: 453.89689 | T8: 453.985 | U8: 454.06869 | V8: 454.14819
I9: 2 | J9: YIELD | K9: 20212.766 | L9: 21733.836 | M9: 21761.639 | N9: 21789.748 | O9: 21818.572 | P9: 21848.994 | Q9: 21880.296 | R9: 21912.15 | S9: 21944.834 | T9: 21978.795 | U9: 22014.201 | V9: 22051.302
I10: 3 | J10: TOTAL SUPPLY | K10: 9500 | L10: 9849.34 | M10: 9864.2819 | N10: 9879.3324 | O10: 9894.6094 | P10: 9910.7854 | Q10: 9927.2329 | R10: 9943.8243 | S10: 9960.6922 | T10: 9978.0433 | U10: 9995.9595 | V10: 10014.559
I11: 4 | J11: PRODUCTION | K11: 9500 | L11: 9849.34 | M11: 9864.2819 | N11: 9879.3324 | O11: 9894.6094 | P11: 9910.7854 | Q11: 9927.2329 | R11: 9943.8243 | S11: 9960.6922 | T11: 9978.0433 | U11: 9995.9595 | V11: 10014.559
I12: 5 | J12: TOTAL DEMAND | K12: 9500 | L12: 9864.04 | M12: 9864.2819 | N12: 9879.3324 | O12: 9894.6094 | P12: 9910.7854 | Q12: 9927.2329 | R12: 9943.8243 | S12: 9960.6922 | T12: 9978.0433 | U12: 9995.9595 | V12: 10014.559
I13: 6 | J13: PER CAPITA FOOD DEMAND | K13: 43.186866 | L13: 44.785286 | M13: 44.719125 | N13: 44.677169 | O13: 44.651463 | P13: 44.637374 | Q13: 44.637146 | R13: 44.646395 | S13: 44.668809 | T13: 44.700224 | U13: 44.739523 | V13: 44.785438
I14: 7 | J14: SEED DEMAND | K14: 855.27 | L14: 884.79 | M14: 885.00016 | N14: 885.20706 | O14: 885.40467 | P14: 885.6173 | Q14: 885.81797 | R14: 886.00859 | S14: 886.18966 | T14: 886.36168 | U14: 886.52508 | V14: 886.68031
I15: 8 | J15: FEED DEMAND | K15: 570.18 | L15: 589.86 | M15: 590.99837 | N15: 590.96129 | O15: 591.69871 | P15: 592.79563 | Q15: 593.90486 | R15: 595.04626 | S15: 596.24344 | T15: 597.49347 | U15: 598.79521 | V15: 600.14702
I16: 9 | J16: PROCESSING DEMAND | K16: 950.3 | L16: 983.1 | M16: 1008.084 | N16: 1033.4997 | O16: 1058.8434 | P16: 1084.1608 | Q16: 1109.7555 | R16: 1135.2002 | S16: 1160.623 | T16: 1186.1465 | U16: 1211.6351 | V16: 1237.0603
I17: 10 | J17: WASTE DEMAND | K17: 987.33 | L17: 1015.43 | M17: 1016.9705 | N17: 1018.5221 | O17: 1020.0971 | P17: 1021.7648 | Q17: 1023.4605 | R17: 1025.171 | S17: 1026.91 | T17: 1028.6988 | U17: 1030.5459 | V17: 1032.4635
I18: 11 | J18: NET EXPORT | K18: 55 | L18: 99.02 | M18: 87.360368 | N18: 90.951929 | O18: 94.754514 | P18: 100.18437 | Q18: 106.19735 | R18: 113.67746 | S18: 118.64154 | T18: 124.9217 | U18: 132.7869 | V18: 142.30729
I19: 12 | J19: DOMESTIC DEMAND | K19: 9445 | L19: 9765.02 | M19: 9776.9215 | N19: 9788.3805 | O19: 9799.8549 | P19: 9810.601 | Q19: 9821.0355 | R19: 9830.1469 | S19: 9842.0506 | T19: 9853.1216 | U19: 9863.1726 | V19: 9872.2518
... I21: 14 | J21: TOTAL FOOD DEMAND BY ALL HOUSEHOLD | K21: 6081.92 | L21: 6291.84 | M21: 6275.8686 | N21: 6260.1904 | O21: 6243.811 | P21: 6226.2625 | Q21: 6208.0967 | R21: 6188.7208 | S21: 6172.0845 | T21: 6154.4212 | U21: 6135.6713 | V21: 6115.9007

Sheet SOYSX
W2: =W9/W8 -> #DIV/0!
K3: =K11/15 -> 137.66667 | L3: =L11/15 -> 139.4 | M3: =M11/15 -> 147.19057 | N3: =N11/15 -> 155.42001 | O3: =O11/15 -> 164.11439 | P3: =P11/15 -> 173.31268 | Q3: =Q11/15 -> 183.03352 | R3: =R11/15 -> 189.58584 | ... W3: =W11/15 -> 0
L5: =L11/L10 -> 0.15760673 | N5: =N9/N8 -> 2.0545177 | S5: =S9/S8 -> 2.1513258 | X5: =X9/X8 -> #DIV/0!
B6: BASE | K6: BASE | L6: BASE | M6: BASE | N6: BASE | O6: BASE | P6: BASE | Q6: BASE | R6: BASE | S6: BASE | T6: BASE | U6: BASE | V6: BASE
B7: 2016-2035 | K7: 2024 | L7: 2025 | M7: 2026 | N7: 2027 | O7: 2028 | P7: 2029 | Q7: 2030 | R7: 2031 | S7: 2032 | T7: 2033 | U7: 2034 | V7: 2035
A8: 总供给 | B8: =(AD8/K8)^(1/19)*100-100 -> -100 | J8: AREA | K8: 1033.333 | L8: 1026 | M8: 1045.4271 | N8: 1065.2319 | O8: 1085.4085 | P8: 1105.9983 | Q8: 1126.9788 | R8: 1148.3587 | S8: 1170.1458 | T8: 1192.3478 | U8: 1214.9724 | V8: 1238.0278
A9: 大豆产量（万吨） | B9: =(AD9/K9)^(1/19)*100-100 -> -100 | J9: YIELD | K9: 1998.3877 | L9: 2038.0117 | M9: 2111.9202 | N9: 2188.5377 | O9: 2268.0086 | P9: 2350.5372 | Q9: 2436.162 | R9: 2476.3931 | S9: 2517.3649 | T9: 2559.1442 | U9: 2601.7687 | V9: 2645.2872
A10: 大豆种植面积（万公顷） | B10: =(AD10/K10)^(1/19)*100-100 -> -100 | J10: TOTAL SUPPLY | K10: 12562 | L10: 13267.2 | M10: 12895.576 | N10: 12799.238 | O10: 12768.403 | P10: 12774.58 | Q10: 12795.354 | R10: 12818.416 | S10: 12851.508 | T10: 12891.173 | U10: 12935.858 | V10: 12984.515
A11: 大豆单产（千克/公顷） | B11: =(AD11/K11)^(1/19)*100-100 -> -100 | J11: PRODUCTION | K11: 2065 | L11: 2091 | M11: 2207.8585 | N11: 2331.3001 | O11: 2461.7158 | P11: 2599.6902 | Q11: 2745.5028 | R11: 2843.7876 | S11: 2945.6841 | T11: 3051.3899 | U11: 3161.0772 | V11: 3274.9391
A12: 大豆净进口 | B12: =(AD12/K12)^(1/19)*100-100 -> -100 | J12: NET IMPORT | K12: 10497 | L12: 11176.2 | M12: 10687.717 | N12: 10467.938 | O12: 10306.687 | P12: 10174.889 | Q12: 10049.852 | R12: 9974.6287 | S12: 9905.8241 | T12: 9839.7829 | U12: 9774.7808 | V12: 9709.5755
A13: 大豆总需求（万吨） | B13: =(AD13/K13)^(1/19)*100-100 -> -100 | J13: TOTAL DEMAND | K13: 12562 | L13: 13267.2 | M13: 12895.576 | N13: 12799.238 | O13: 12768.403 | P13: 12774.58 | Q13: 12795.354 | R13: 12818.416 | S13: 12851.508 | T13: 12891.173 | U13: 12935.858 | V13: 12984.515
A14: 大豆人均消费量（千克/人） | B14: =(AD14/K14)^(1/19)*100-100 -> -100 | J14: PER CAPITA FOOD DEMAND | K14: 11.893942 | L14: 12.100592 | M14: 12.163543 | N14: 12.231232 | O14: 12.299348 | P14: 12.367241 | Q14: 12.435914 | R14: 12.503463 | S14: 12.573161 | T14: 12.642963 | U14: 12.712614 | V14: 12.781885
A15: 农村居民在家人均大豆消费量（千克/人） | B15: =(AD15/K15)^(1/19)*100-100 -> -100 | J15: SEED DEMAND | K15: 83.699973 | L15: 83.106 | M15: 84.679593 | N15: 86.283781 | O15: 87.918089 | P15: 89.585865 | Q15: 91.285279 | R15: 93.017057 | S15: 94.781812 | T15: 96.58017 | U15: 98.412767 | V15: 100.28025
A16: 大豆库存变化(万吨） | B16: =(AD16/K16)^(1/19)*100-100 -> -100 | J16: CRUSH DEMAND | K16: 10240 | L16: 10650 | M16: 10423.108 | N16: 10418.995 | O16: 10447.838 | P16: 10492.532 | Q16: 10537.434 | R16: 10582.903 | S16: 10629.463 | T16: 10677.067 | U16: 10725.696 | V16: 10775.326
A17: 城镇居民在家人均大豆消费量（千克/人） | B17: =(AD17/K17)^(1/19)*100-100 -> -100 | J17: WASTE DEMAND | K17: 125.68 | L17: 132.743 | M17: 140.16153 | N17: 147.99798 | O17: 156.27716 | P17: 165.03619 | Q17: 174.29282 | R17: 180.53223 | S17: 187.00093 | T17: 193.71145 | U17: 200.67474 | V17: 207.90303
A18: 农村居民大豆口粮总消费量（万吨） | B18: =(AD18/K18)^(1/19)*100-100 -> -100 | J18: STOCK CHANGE | K18: 437.62003 | L18: 701.351 | M18: 540.59931 | N18: 432.11398 | O18: 356.497 | P18: 302.3758 | Q18: 262.76625 | R18: 228.77973 | S18: 202.97355 | T18: 183.1046 | U18: 167.64006 | V18: 155.51107
A19: 城镇居民大豆口粮总消费量（万吨） | B19: =(AD19/K19)^(1/19)*100-100 -> -100 | J19: DOMESTIC DEMAND | K19: 12124.38 | L19: 12565.849 | M19: 12354.977 | N19: 12367.124 | O19: 12411.906 | P19: 12472.204 | Q19: 12532.588 | R19: 12589.637 | S19: 12648.535 | T19: 12708.068 | U19: 12768.218 | V19: 12829.004
... A22: 大豆消费者价格（元/吨） | B22: =(AD22/K22)^(1/19)*100-100 -> -100 | J22: CARBON EMISSION | K22: 560.81394 | L22: 690.2009 | M22: 591.3684 | N22: 550.51406 | O22: 523.67204 | P22: 504.43187 | Q22: 488.30044 | R22: 482.29562 | S22: 477.9212 | T22: 474.53341 | U22: 471.83269 | V22: 469.61437
A23: 大豆生产者价格（元/吨） | B23: =(AD23/K23)^(1/19)*100-100 -> #DIV/0!
A24: 食物总需求 | B24: =(AD24/K24)^(1/19)*100-100 -> #DIV/0!
A25: 农村居民人均大豆消费量（千克/人） | B25: =(AD25/K25)^(1/19)*100-100 -> #DIV/0!
A26: 城镇居民人均大豆消费量（千克/人） | B26: =(AD26/K26)^(1/19)*100-100 -> #DIV/0!
A27: 农村居民在家大豆口粮总消费量（万吨） | B27: =(AD27/K27)^(1/19)*100-100 -> #DIV/0!
A28: 城镇居民在家大豆口粮总消费量（万吨） | B28: =(AD28/K28)^(1/19)*100-100 -> #DIV/0!

Sheet SOYOX
B6: BASE | K6: BASE | L6: BASE | M6: BASE | N6: BASE | O6: BASE | P6: BASE | Q6: BASE | R6: BASE | S6: BASE | T6: BASE | U6: BASE | V6: BASE
B7: 2016-2035 | K7: 2024 | L7: 2025 | M7: 2026 | N7: 2027 | O7: 2028 | P7: 2029 | Q7: 2030 | R7: 2031 | S7: 2032 | T7: 2033 | U7: 2034 | V7: 2035
J8: TOTAL SUPPLY | K8: 1817 | L8: 1871 | M8: 1876.9205 | N8: 1883.3666 | O8: 1889.0787 | P8: 1893.9642 | Q8: 1898.2203 | R8: 1901.6318 | S8: 1905.6286 | T8: 1908.9666 | U8: 1911.6465 | V8: 1913.6889
J9: PRODUCTION | K9: 1790 | L9: 1871 | M9: 1876.9205 | N9: 1883.3666 | O9: 1889.0787 | P9: 1893.9642 | Q9: 1898.2203 | R9: 1901.6318 | S9: 1905.6286 | T9: 1908.9666 | U9: 1911.6465 | V9: 1913.6889
J10: NET IMPORT | K10: 27
J11: TOTAL DEMAND | K11: 1817 | L11: 1871 | M11: 1876.9205 | N11: 1883.3666 | O11: 1889.0787 | P11: 1893.9642 | Q11: 1898.2203 | R11: 1901.6318 | S11: 1905.6286 | T11: 1908.9666 | U11: 1911.6465 | V11: 1913.6889
J12: PER CAPITA FOOD DEMAND | K12: 12.767347 | L12: 13.159322 | M12: 13.220425 | N12: 13.287104 | O12: 13.355144 | P12: 13.423584 | Q12: 13.493397 | R12: 13.563058 | S12: 13.63537 | T12: 13.708365 | U12: 13.781886 | V12: 13.855584
J13: STOCK CHANGE | K13: 19 | L13: 0.69 | M13: 0.6921834 | N13: 0.69456064 | O13: 0.69666718 | P13: 0.69846888 | Q13: 0.7000385 | R13: 0.7012966 | S13: 0.70277057 | T13: 0.70400159 | U13: 0.70498991 | V13: 0.70574311
J14: NET EXPORT | L14: 21.57 | M14: 20.877817 | N14: 20.875439 | O14: 20.873333 | P14: 20.871531 | Q14: 20.869961 | R14: 20.868703 | S14: 20.867229 | T14: 20.865998 | U14: 20.86501 | V14: 20.864257
J15: DOMESTIC DEMAND | K15: 1798 | L15: 1848.74 | M15: 1855.3505 | N15: 1861.7966 | O15: 1867.5087 | P15: 1872.3942 | Q15: 1876.6503 | R15: 1880.0618 | S15: 1884.0586 | T15: 1887.3966 | U15: 1890.0765 | V15: 1892.1189
J16: energy | K16: 309.2883 | L16: 318.78387 | M16: 320.26408 | N16: 321.87938 | O16: 323.52764 | P16: 325.1856 | Q16: 326.87682 | R16: 328.56436 | S16: 330.31609 | T16: 332.0844 | U16: 333.86545 | V16: 335.65077
J17: TOTAL FOOD DEMAND BY ALL HOUSEHOLD | K17: 1798 | L17: 1848.74 | M17: 1855.3505 | N17: 1861.7966 | O17: 1867.5087 | P17: 1872.3942 | Q17: 1876.6503 | R17: 1880.0618 | S17: 1884.0586 | T17: 1887.3966 | U17: 1890.0765 | V17: 1892.1189

Sheet SOYMX
B6: BASE | K6: BASE | L6: BASE | M6: BASE | N6: BASE | O6: BASE | P6: BASE | Q6: BASE | R6: BASE | S6: BASE | T6: BASE | U6: BASE | V6: BASE
B7: 2016-2035 | K7: 2024 | L7: 2025 | M7: 2026 | N7: 2027 | O7: 2028 | P7: 2029 | Q7: 2030 | R7: 2031 | S7: 2032 | T7: 2033 | U7: 2034 | V7: 2035
J8: TOTAL SUPPLY | K8: 7729.4 | L8: 8100 | M8: 8045.9737 | N8: 8042.7683 | O8: 8065.2495 | P8: 8100.0851 | Q8: 8135.0825 | R8: 8170.5225 | S8: 8206.8131 | T8: 8243.9166 | U8: 8281.8197 | V8: 8320.5023
J9: PRODUCTION | K9: 7729.4 | L9: 8100 | M9: 7927.4339 | N9: 7924.3062 | O9: 7946.2432 | P9: 7980.2357 | Q9: 8014.386 | R9: 8048.9683 | S9: 8084.3805 | T9: 8120.586 | U9: 8157.5717 | V9: 8195.3181
J10: NET IMPORT | M10: 118.53972 | N10: 118.46214 | O10: 119.00626 | P10: 119.8494 | Q10: 120.69646 | R10: 121.55423 | S10: 122.43258 | T10: 123.33061 | U10: 124.24799 | V10: 125.18424
J11: TOTAL DEMAND | K11: 7729.4 | L11: 8100 | M11: 8045.9737 | N11: 8042.7683 | O11: 8065.2495 | P11: 8100.0851 | Q11: 8135.0825 | R11: 8170.5225 | S11: 8206.8131 | T11: 8243.9166 | U11: 8281.8197 | V11: 8320.5023
J12: FEED DEMAND | K12: 7540 | L12: 7821 | M12: 7849.3439 | N12: 7846.2162 | O12: 7868.1532 | P12: 7902.1457 | Q12: 7936.296 | R12: 7970.8783 | S12: 8006.2905 | T12: 8042.496 | U12: 8079.4817 | V12: 8117.2281
J13: STOCK CHANGE | K13: 50.5 | L13: 200.91 | M13: 196.62972 | N13: 196.55214 | O13: 197.09626 | P13: 197.9394 | Q13: 198.78646 | R13: 199.64423 | S13: 200.52258 | T13: 201.42061 | U13: 202.33799 | V13: 203.27424
J14: NET EXPORT | K14: 138.9 | L14: 78.09
J15: DOMESTIC DEMAND | K15: 7540 | L15: 7821 | M15: 7849.3439 | N15: 7846.2162 | O15: 7868.1532 | P15: 7902.1457 | Q15: 7936.296 | R15: 7970.8783 | S15: 8006.2905 | T15: 8042.496 | U15: 8079.4817 | V15: 8117.2281

Sheet RAPSX
K3: =K9/15 -> 140.69323 | L3: =L9/15 -> 142.07257 | M3: =M9/15 -> 143.47334 | N3: =N9/15 -> 144.88534 | O3: =O9/15 -> 146.31174 | P3: =P9/15 -> 147.75922 | Q3: =Q9/15 -> 149.22673 | R3: =R9/15 -> 150.72324 | ... W3: =W9/15 -> 0
L5: =L11/L10 -> 0.8740685
B6: BASE | K6: BASE | L6: BASE | M6: BASE | N6: BASE | O6: BASE | P6: BASE | Q6: BASE | R6: BASE | S6: BASE | T6: BASE | U6: BASE | V6: BASE
B7: 2016-2035 | K7: 2024 | L7: 2025 | M7: 2026 | N7: 2027 | O7: 2028 | P7: 2029 | Q7: 2030 | R7: 2031 | S7: 2032 | T7: 2033 | U7: 2034 | V7: 2035
J8: AREA | K8: 799.323 | L8: 815.30946 | M8: 846.06783 | N8: 848.39453 | O8: 850.6837 | P8: 852.94516 | Q8: 855.18362 | R8: 857.52938 | S8: 859.97821 | T8: 862.52611 | U8: 865.16931 | V8: 867.90423
J9: YIELD | K9: 2110.3984 | L9: 2131.0886 | M9: 2152.1001 | N9: 2173.2801 | O9: 2194.6761 | P9: 2216.3883 | Q9: 2238.4009 | R9: 2260.8485 | S9: 2283.7604 | T9: 2307.1843 | U9: 2331.1409 | V9: 2355.6604
J10: TOTAL SUPPLY | K10: 2325.45 | L10: 1987.8267 | M10: 2138.69 | N10: 2138.6302 | O10: 2141.9822 | P10: 2146.9187 | Q10: 2151.9109 | R10: 2157.0479 | S10: 2162.4339 | T10: 2168.0562 | U10: 2173.9099 | V10: 2179.9877
J11: PRODUCTION | K11: 1686.89 | L11: 1737.4967 | M11: 1820.8227 | N11: 1843.7989 | O11: 1866.9751 | P11: 1890.4577 | Q11: 1914.2438 | R11: 1938.7441 | S11: 1963.9842 | T11: 1990.0067 | U11: 2016.8316 | V11: 2044.4877
J12: NET IMPORT | K12: 638.56 | L12: 250.33 | M12: 317.8673 | N12: 294.83123 | O12: 275.00701 | P12: 256.46108 | Q12: 237.66707 | R12: 218.30386 | S12: 198.44975 | T12: 178.04952 | U12: 157.07828 | V12: 135.50006
J13: TOTAL DEMAND | K13: 2325.45 | L13: 1987.8267 | M13: 2138.69 | N13: 2138.6302 | O13: 2141.9822 | P13: 2146.9187 | Q13: 2151.9109 | R13: 2157.0479 | S13: 2162.4339 | T13: 2168.0562 | U13: 2173.9099 | V13: 2179.9877
J14: CRUSH DEMAND | K14: 1963.34 | L14: 1980 | M14: 2130.488 | N14: 2130.3246 | O14: 2133.5722 | P14: 2138.403 | Q14: 2143.288 | R14: 2148.3147 | S14: 2153.587 | T14: 2159.0921 | U14: 2164.8249 | V14: 2170.7782
J15: STOCK CHANGE | K15: 362.11 | L15: 7.8267 | M15: 8.202049 | N15: 8.3055474 | O15: 8.4099465 | P15: 8.5157255 | Q15: 8.6228722 | R15: 8.7332356 | S15: 8.8469319 | T15: 8.9641526 | U15: 9.0849874 | V15: 9.2095666
J16: DOMESTIC DEMAND | K16: 1963.34 | L16: 1980 | M16: 2130.488 | N16: 2130.3246 | O16: 2133.5722 | P16: 2138.403 | Q16: 2143.288 | R16: 2148.3147 | S16: 2153.587 | T16: 2159.0921 | U16: 2164.8249 | V16: 2170.7782
J17: CARBON EMISSION | K17: 499.35199 | L17: 399.8037 | M17: 434.15694 | N17: 427.51832 | O17: 421.86703 | P17: 416.67462 | Q17: 411.5406 | R17: 406.46312 | S17: 401.46314 | T17: 396.52915 | U17: 391.65689 | V17: 386.8403

Sheet RAPOX
B6: BASE | K6: BASE | L6: BASE | M6: BASE | N6: BASE | O6: BASE | P6: BASE | Q6: BASE | R6: BASE | S6: BASE | T6: BASE | U6: BASE | V6: BASE
B7: 2016-2035 | K7: 2024 | L7: 2025 | M7: 2026 | N7: 2027 | O7: 2028 | P7: 2029 | Q7: 2030 | R7: 2031 | S7: 2032 | T7: 2033 | U7: 2034 | V7: 2035
J8: TOTAL SUPPLY | K8: 933.5 | L8: 980.76 | M8: 986.40388 | N8: 992.50581 | O8: 998.27924 | P8: 1003.6733 | Q8: 1008.7481 | R8: 1013.2483 | S8: 1017.9445 | T8: 1022.1738 | U8: 1025.9389 | V8: 1029.2534
J9: PRODUCTION | K9: 760.5 | L9: 772.2 | M9: 797.71972 | N9: 803.97757 | O9: 809.89853 | P9: 815.43042 | Q9: 820.63494 | R9: 825.25005 | S9: 830.06632 | T9: 834.40369 | U9: 838.26497 | V9: 841.66417
J10: NET IMPORT | K10: 173 | L10: 208.56 | M10: 188.68416 | N10: 188.52824 | O10: 188.38071 | P10: 188.24288 | Q10: 188.1132 | R10: 187.99821 | S10: 187.87821 | T10: 187.77014 | U10: 187.67394 | V10: 187.58924
J11: TOTAL DEMAND | K11: 933.5 | L11: 980.76 | M11: 986.40388 | N11: 992.50581 | O11: 998.27924 | P11: 1003.6733 | Q11: 1008.7481 | R11: 1013.2483 | S11: 1017.9445 | T11: 1022.1738 | U11: 1025.9389 | V11: 1029.2534
J12: PER CAPITA FOOD DEMAND | K12: 7.0334024 | L12: 7.117995 | M12: 7.170314 | N12: 7.226188 | O12: 7.2833184 | P12: 7.3412009 | Q12: 7.4000659 | R12: 7.4580667 | S12: 7.5167798 | T12: 7.5751577 | U12: 7.633142 | V12: 7.6905678
J13: STOCK CHANGE | K13: -57 | L13: -19.24 | M13: -19.875845 | N13: -20.031764 | O13: -20.17929 | P13: -20.317121 | Q13: -20.446797 | R13: -20.561786 | S13: -20.681787 | T13: -20.789856 | U13: -20.886063 | V13: -20.970757
J14: DOMESTIC DEMAND | K14: 990.5 | L14: 1000 | M14: 1006.2797 | N14: 1012.5376 | O14: 1018.4585 | P14: 1023.9904 | Q14: 1029.1949 | R14: 1033.8101 | S14: 1038.6263 | T14: 1042.9637 | U14: 1046.825 | V14: 1050.2242
J15: energy | K15: 170.38379 | L15: 172.43304 | M15: 173.70047 | N15: 175.05401 | O15: 176.43799 | P15: 177.84019 | Q15: 179.2662 | R15: 180.67126 | S15: 182.09358 | T15: 183.50779 | U15: 184.91245 | V15: 186.30359
J16: TOTAL FOOD DEMAND BY ALL HOUSEHOLD | K16: 990.5 | L16: 1000 | M16: 1006.2797 | N16: 1012.5376 | O16: 1018.4585 | P16: 1023.9904 | Q16: 1029.1949 | R16: 1033.8101 | S16: 1038.6263 | T16: 1042.9637 | U16: 1046.825 | V16: 1050.2242

Sheet RAPMX
B6: BASE | K6: BASE | L6: BASE | M6: BASE | N6: BASE | O6: BASE | P6: BASE | Q6: BASE | R6: BASE | S6: BASE | T6: BASE | U6: BASE | V6: BASE
B7: 2016-2035 | K7: 2024 | L7: 2025 | M7: 2026 | N7: 2027 | O7: 2028 | P7: 2029 | Q7: 2030 | R7: 2031 | S7: 2032 | T7: 2033 | U7: 2034 | V7: 2035
J8: TOTAL SUPPLY | K8: 1449.7 | L8: 1445.12 | M8: 1442.7809 | N8: 1442.6915 | O8: 1444.469 | P8: 1447.113 | Q8: 1449.7866 | R8: 1452.5378 | S8: 1455.4235 | T8: 1458.4365 | U8: 1461.5742 | V8: 1464.8326
J9: PRODUCTION | K9: 1150.7 | L9: 1168.4 | M9: 1248.4027 | N9: 1248.307 | O9: 1250.21 | P9: 1253.0407 | Q9: 1255.9031 | R9: 1258.8486 | S9: 1261.938 | T9: 1265.1638 | U9: 1268.5231 | V9: 1272.0115
J10: NET IMPORT | K10: 299 | L10: 276.72 | M10: 194.37821 | N10: 194.38452 | O10: 194.259 | P10: 194.07229 | Q10: 193.88349 | R10: 193.68922 | S10: 193.48545 | T10: 193.27268 | U10: 193.05111 | V10: 192.82102
J11: TOTAL DEMAND | K11: 1449.7 | L11: 1445.12 | M11: 1442.7809 | N11: 1442.6915 | O11: 1444.469 | P11: 1447.113 | Q11: 1449.7866 | R11: 1452.5378 | S11: 1455.4235 | T11: 1458.4365 | U11: 1461.5742 | V11: 1464.8326
J12: FEED DEMAND | K12: 1449.7 | L12: 1522.185 | M12: 1525.1227 | N12: 1525.027 | O12: 1526.93 | P12: 1529.7607 | Q12: 1532.6231 | R12: 1535.5686 | S12: 1538.658 | T12: 1541.8838 | U12: 1545.2431 | V12: 1548.7315
J13: STOCK CHANGE | L13: -77.065 | M13: -82.341794 | N13: -82.335481 | O13: -82.460998 | P13: -82.647705 | Q13: -82.836506 | R13: -83.030784 | S13: -83.234555 | T13: -83.447322 | U13: -83.668891 | V13: -83.898981
J14: DOMESTIC DEMAND | K14: 1449.7 | L14: 1522.185 | M14: 1525.1227 | N14: 1525.027 | O14: 1526.93 | P14: 1529.7607 | Q14: 1532.6231 | R14: 1535.5686 | S14: 1538.658 | T14: 1541.8838 | U14: 1545.2431 | V14: 1548.7315

Sheet GRDSX
L5: =L11/L10 -> 0.99728406
B6: BASE | K6: BASE | L6: BASE | M6: BASE | N6: BASE | O6: BASE | P6: BASE | Q6: BASE | R6: BASE | S6: BASE | T6: BASE | U6: BASE | V6: BASE
B7: 2016-2035 | K7: 2024 | L7: 2025 | M7: 2026 | N7: 2027 | O7: 2028 | P7: 2029 | Q7: 2030 | R7: 2031 | S7: 2032 | T7: 2033 | U7: 2034 | V7: 2035
J8: AREA | K8: 485 | L8: 495 | M8: 495.92137 | N8: 496.85602 | O8: 497.80214 | P8: 498.76943 | Q8: 499.73012 | R8: 500.64465 | S8: 501.51515 | T8: 502.34366 | U8: 503.13214 | V8: 503.88244
J9: YIELD | K9: 3917.5258 | L9: 3850 | M9: 3868.7536 | N9: 3887.6882 | O9: 3906.8868 | P9: 3926.5214 | Q9: 3946.4055 | R9: 3966.2581 | S9: 3986.1393 | T9: 4006.1394 | U9: 4026.2993 | V9: 4046.6748
J10: TOTAL SUPPLY | K10: 1961.49 | L10: 1910.94 | M10: 1918.5976 | N10: 1931.6213 | O10: 1944.8566 | P10: 1958.4288 | Q10: 1972.1377 | R10: 1985.6859 | S10: 1999.1092 | T10: 2012.4587 | U10: 2025.7606 | V10: 2039.0484
J11: PRODUCTION | K11: 1900 | L11: 1905.75 | M11: 1918.5976 | N11: 1931.6213 | O11: 1944.8566 | P11: 1958.4288 | Q11: 1972.1377 | R11: 1985.6859 | S11: 1999.1092 | T11: 2012.4587 | U11: 2025.7606 | V11: 2039.0484
J12: NET IMPORT | K12: 61.49 | L12: 5.19
J13: TOTAL DEMAND | K13: 1961.49 | L13: 1910.94 | M13: 1918.5976 | N13: 1931.6213 | O13: 1944.8566 | P13: 1958.4288 | Q13: 1972.1377 | R13: 1985.6859 | S13: 1999.1092 | T13: 2012.4587 | U13: 2025.7606 | V13: 2039.0484
J14: PER CAPITA FOOD DEMAND | K14: 5.6984407 | L14: 5.9435258 | M14: 6.052376 | N14: 6.1660724 | O14: 6.2787638 | P14: 6.3899656 | Q14: 6.5011959 | R14: 6.6103377 | S14: 6.7223463 | T14: 6.83437 | U14: 6.9461091 | V14: 7.0573234
J15: FEED DEMAND | K15: 104.8 | L15: 105
J16: CRUSH DEMAND | K16: 970 | L16: 980 | M16: 992.21755 | N16: 992.15531 | O16: 993.39279 | P16: 995.23355 | Q16: 997.09496 | R16: 999.01035 | S16: 1001.0193 | T16: 1003.117 | U16: 1005.3015 | V16: 1007.57
J17: STOCK CHANGE | K17: 84.19 | L17: -9.06 | M17: -9.1210779 | N17: -9.1829928 | O17: -9.2459143 | P17: -9.3104369 | Q17: -9.3756094 | R17: -9.4400181 | S17: -9.503833 | T17: -9.5672969 | U17: -9.6305343 | V17: -9.693705
J18: NET EXPORT | M18: 86.112484 | N18: 84.65535 | O18: 82.722534 | P18: 81.198741 | Q18: 80.237493 | R18: 79.814634 | S18: 78.737765 | T18: 77.938511 | U18: 77.48577 | V18: 77.42383
J19: DOMESTIC DEMAND | K19: 1877.3 | L19: 1920 | M19: 1841.6062 | N19: 1856.1489 | O19: 1871.38 | P19: 1886.5405 | Q19: 1901.2758 | R19: 1915.3113 | S19: 1929.8753 | T19: 1944.0875 | U19: 1957.9053 | V19: 1971.3183
J20: energy | K20: 68.069791 | L20: 70.997416 | M20: 72.297668 | N20: 73.655811 | O20: 75.001947 | P20: 76.33029 | Q20: 77.658973 | R20: 78.962709 | S20: 80.300689 | T20: 81.63885 | U20: 82.97361 | V20: 84.302103
J21: TOTAL FOOD DEMAND BY ALL HOUSEHOLD | K21: 802.5 | L21: 835 | M21: 849.38863 | N21: 863.99358 | O21: 877.98723 | P21: 891.30697 | Q21: 904.18087 | R21: 916.30096 | S21: 928.85597 | T21: 940.97048 | U21: 952.60384 | V21: 963.74829
J22: CARBON EMISSION | K22: 386.72578 | L22: 381.13084 | M22: 361.52447 | N22: 360.62066 | O22: 359.81498 | P22: 358.94162 | Q22: 357.9516 | R22: 356.82202 | S22: 355.78191 | T22: 354.65736 | U22: 353.43959 | V22: 352.12473

Sheet GRDOX
B6: BASE | K6: BASE | L6: BASE | M6: BASE | N6: BASE | O6: BASE | P6: BASE | Q6: BASE | R6: BASE | S6: BASE | T6: BASE | U6: BASE | V6: BASE
B7: 2016-2035 | K7: 2024 | L7: 2025 | M7: 2026 | N7: 2027 | O7: 2028 | P7: 2029 | Q7: 2030 | R7: 2031 | S7: 2032 | T7: 2033 | U7: 2034 | V7: 2035
J8: TOTAL SUPPLY | K8: 312.65 | L8: 359.09 | M8: 363.12178 | N8: 366.94218 | O8: 370.36006 | P8: 373.38854 | Q8: 376.10594 | R8: 378.46718 | S8: 380.86048 | T8: 383.00406 | U8: 384.89652 | V8: 386.55348
J9: PRODUCTION | K9: 288.2 | L9: 320 | M9: 324.95587 | N9: 328.78717 | O9: 332.21479 | P9: 335.25192 | Q9: 337.97706 | R9: 340.34503 | S9: 342.74516 | T9: 344.89486 | U9: 346.79271 | V9: 348.45439
J10: NET IMPORT | K10: 24.45 | L10: 39.09 | M10: 38.165907 | N10: 38.155011 | O10: 38.145264 | P10: 38.136627 | Q10: 38.128878 | R10: 38.122144 | S10: 38.115318 | T10: 38.109205 | U10: 38.103808 | V10: 38.099083
J11: TOTAL DEMAND | K11: 312.65 | L11: 359.09 | M11: 363.12178 | N11: 366.94218 | O11: 370.36006 | P11: 373.38854 | Q11: 376.10594 | R11: 378.46718 | S11: 380.86048 | T11: 383.00406 | U11: 384.89652 | V11: 386.55348
J12: PER CAPITA FOOD DEMAND | K12: 2.2722754 | L12: 2.5624782 | M12: 2.5940334 | N12: 2.625433 | O12: 2.6553178 | P12: 2.6837353 | Q12: 2.7111687 | R12: 2.7373034 | S12: 2.7634297 | T12: 2.7889234 | U12: 2.813744 | V12: 2.837905
J13: STOCK CHANGE | K13: -7.35 | L13: -0.91 | M13: -0.92409327 | N13: -0.93498852 | O13: -0.94473581 | P13: -0.95337264 | Q13: -0.96112226 | R13: -0.96785619 | S13: -0.97468155 | T13: -0.98079474 | U13: -0.98619177 | V13: -0.99091718
J14: DOMESTIC DEMAND | K14: 320 | L14: 360 | M14: 364.04587 | N14: 367.87717 | O14: 371.30479 | P14: 374.34192 | Q14: 377.06706 | R14: 379.43503 | S14: 381.83516 | T14: 383.98486 | U14: 385.88271 | V14: 387.54439
J15: energy | K15: 55.045749 | L15: 62.075896 | M15: 62.84032 | N15: 63.600973 | O15: 64.324929 | P15: 65.013342 | Q15: 65.677914 | R15: 66.311027 | S15: 66.943935 | T15: 67.561518 | U15: 68.162797 | V15: 68.748096
J16: TOTAL FOOD DEMAND BY ALL HOUSEHOLD | K16: 320 | L16: 360 | M16: 364.04587 | N16: 367.87717 | O16: 371.30479 | P16: 374.34192 | Q16: 377.06706 | R16: 379.43503 | S16: 381.83516 | T16: 383.98486 | U16: 385.88271 | V16: 387.54439

Sheet GRDMX
B6: BASE | K6: BASE | L6: BASE | M6: BASE | N6: BASE | O6: BASE | P6: BASE | Q6: BASE | R6: BASE | S6: BASE | T6: BASE | U6: BASE | V6: BASE
B7: 2016-2035 | K7: 2024 | L7: 2025 | M7: 2026 | N7: 2027 | O7: 2028 | P7: 2029 | Q7: 2030 | R7: 2031 | S7: 2032 | T7: 2033 | U7: 2034 | V7: 2035
J8: TOTAL SUPPLY | K8: 407.3 | L8: 398 | M8: 402.96182 | N8: 402.93655 | O8: 403.43911 | P8: 404.18669 | Q8: 404.94265 | R8: 405.72053 | S8: 406.53643 | T8: 407.38835 | U8: 408.2755 | V8: 409.19678
J9: PRODUCTION | K9: 404 | L9: 398 | M9: 402.96182 | N9: 402.93655 | O9: 403.43911 | P9: 404.18669 | Q9: 404.94265 | R9: 405.72053 | S9: 406.53643 | T9: 407.38835 | U9: 408.2755 | V9: 409.19678
J10: NET IMPORT | K10: 3.3
J11: TOTAL DEMAND | K11: 407.3 | L11: 398 | M11: 402.96182 | N11: 402.93655 | O11: 403.43911 | P11: 404.18669 | Q11: 404.94265 | R11: 405.72053 | S11: 406.53643 | T11: 407.38835 | U11: 408.2755 | V11: 409.19678
J12: FEED DEMAND | K12: 385 | L12: 402 | M12: 402.77582 | N12: 402.75055 | O12: 403.25311 | P12: 404.00069 | Q12: 404.75665 | R12: 405.53453 | S12: 406.35043 | T12: 407.20235 | U12: 408.0895 | V12: 409.01078
J13: STOCK CHANGE | K13: 22.3 | L13: -4.186 | M13: -4.2381864 | N13: -4.2379206 | O13: -4.2432064 | P13: -4.251069 | Q13: -4.2590199 | R13: -4.2672014 | S13: -4.2757826 | T13: -4.2847428 | U13: -4.2940735 | V13: -4.3037631
J14: NET EXPORT | L14: 0.186 | M14: 4.4241864 | N14: 4.4239206 | O14: 4.4292064 | P14: 4.437069 | Q14: 4.4450199 | R14: 4.4532014 | S14: 4.4617826 | T14: 4.4707428 | U14: 4.4800735 | V14: 4.4897631
J15: DOMESTIC DEMAND | K15: 385 | L15: 402 | M15: 402.77582 | N15: 402.75055 | O15: 403.25311 | P15: 404.00069 | Q15: 404.75665 | R15: 405.53453 | S15: 406.35043 | T15: 407.20235 | U15: 408.0895 | V15: 409.01078

Sheet COTTX
K3: =K9/15 -> 144.7815 | L3: =L9/15 -> 148.60813 | M3: =M9/15 -> 148.67541 | N3: =N9/15 -> 148.74568 | O3: =O9/15 -> 148.82136 | P3: =P9/15 -> 148.90725 | Q3: =Q9/15 -> 148.9989 | R3: =R9/15 -> 149.08533 | ... W3: =W9/15 -> 0
L5: =L11/L10 -> 0.86460096 | M5: =M8/L8-1 -> -0.001151406 | N5: =N8/M8-1 -> -0.0011502428 | O5: =O8/N8-1 -> -0.0011497013 | P5: =P8/O8-1 -> -0.0011400415 | Q5: =Q8/P8-1 -> -0.0011389243 | R5: =R8/Q8-1 -> -0.0011085801 | S5: =S8/R8-1 -> -0.0010793191 | T5: =T8/S8-1 -> -0.0010508549 | ... X5: =X8/W8-1 -> #DIV/0!
B6: BASE | K6: BASE | L6: BASE | M6: BASE | N6: BASE | O6: BASE | P6: BASE | Q6: BASE | R6: BASE | S6: BASE | T6: BASE | U6: BASE | V6: BASE
B7: 2016-2035 | K7: 2024 | L7: 2025 | M7: 2026 | N7: 2027 | O7: 2028 | P7: 2029 | Q7: 2030 | R7: 2031 | S7: 2032 | T7: 2033 | U7: 2034 | V7: 2035
J8: AREA | K8: 283.83 | L8: 297.92 | M8: 297.57697 | N8: 297.23469 | O8: 296.89296 | P8: 296.55449 | Q8: 296.21673 | R8: 295.88835 | S8: 295.56899 | T8: 295.25839 | U8: 294.9562 | V8: 294.66211
J9: YIELD | K9: 2171.7225 | L9: 2229.1219 | M9: 2230.1311 | N9: 2231.1851 | O9: 2232.3204 | P9: 2233.6088 | Q9: 2234.9835 | R9: 2236.2799 | S9: 2237.5328 | T9: 2238.7931 | U9: 2240.0833 | V9: 2241.4338
J10: TOTAL SUPPLY | K10: 877.2 | L10: 768.1 | M10: 799.44595 | N10: 804.15008 | O10: 808.72994 | P10: 813.18797 | Q10: 817.58307 | R10: 821.88134 | S10: 826.13576 | T10: 830.32542 | U10: 834.43033 | V10: 838.44665
J11: PRODUCTION | K11: 616.4 | L11: 664.1 | M11: 663.63567 | N11: 663.18562 | O11: 662.76021 | P11: 662.38671 | Q11: 662.0395 | R11: 661.68917 | S11: 661.34531 | T11: 661.02245 | U11: 660.72646 | V11: 660.46563
J12: NET IMPORT | K12: 260.8 | L12: 104 | M12: 135.81027 | N12: 140.96446 | O12: 145.96973 | P12: 150.80126 | Q12: 155.54358 | R12: 160.19216 | S12: 164.79045 | T12: 169.30297 | U12: 173.70387 | V12: 177.98103
J13: TOTAL DEMAND | K13: 877.2 | L13: 768.1 | M13: 799.44595 | N13: 804.15008 | O13: 808.72994 | P13: 813.18797 | Q13: 817.58307 | R13: 821.88134 | S13: 826.13576 | T13: 830.32542 | U13: 834.43033 | V13: 838.44665
J14: PROCESSING DEMAND | K14: 786.4 | L14: 760 | M14: 791.27067 | N14: 795.89865 | O14: 800.40134 | P14: 804.78082 | Q14: 809.09631 | R14: 813.31424 | S14: 817.48749 | T14: 821.59492 | U14: 825.61648 | V14: 829.54818
J15: STOCK CHANGE | K15: 90.8 | L15: 8.1 | M15: 8.17528 | N15: 8.2514332 | O15: 8.3286015 | P15: 8.4071471 | Q15: 8.4867676 | R15: 8.5670995 | S15: 8.6482738 | T15: 8.7304924 | U15: 8.8138489 | V15: 8.8984732
J16: DOMESTIC DEMAND | K16: 786.4 | L16: 760 | M16: 791.27067 | N16: 795.89865 | O16: 800.40134 | P16: 804.78082 | Q16: 809.09631 | R16: 813.31424 | S16: 817.48749 | T16: 821.59492 | U16: 825.61648 | V16: 829.54818
J17: CARBON EMISSION | K17: 428.92662 | L17: 349.48708 | M17: 366.25429 | N17: 366.85932 | O17: 367.35651 | P17: 367.73703 | Q17: 368.048 | R17: 368.2976 | S17: 368.51213 | T17: 368.67177 | U17: 368.76227 | V17: 368.77752

Sheet SUGAX
L5: =L9/L8 -> 0.71446863
B6: BASE | K6: BASE | L6: BASE | M6: BASE | N6: BASE | O6: BASE | P6: BASE | Q6: BASE | R6: BASE | S6: BASE | T6: BASE | U6: BASE | V6: BASE
B7: 2016-2035 | K7: 2024 | L7: 2025 | M7: 2026 | N7: 2027 | O7: 2028 | P7: 2029 | Q7: 2030 | R7: 2031 | S7: 2032 | T7: 2033 | U7: 2034 | V7: 2035
I8: 1 | J8: TOTAL SUPPLY | K8: 1456 | L8: 1562 | M8: 1572.3112 | N8: 1582.0668 | O8: 1591.1978 | P8: 1599.7384 | Q8: 1607.8328 | R8: 1615.4051 | S8: 1622.9807 | T8: 1630.1736 | U8: 1636.957 | V8: 1643.3496
I9: 2 | J9: PRODUCTION | K9: 996 | L9: 1116 | M9: 1119.5825 | N9: 1123.1603 | O9: 1126.7324 | P9: 1130.3003 | Q9: 1133.9104 | R9: 1137.4157 | S9: 1140.8315 | T9: 1144.1789 | U9: 1147.4693 | V9: 1150.7164
I10: 3 | J10: NET IMPORT | K10: 460 | L10: 446 | M10: 452.72873 | N10: 458.90657 | O10: 464.46544 | P10: 469.43814 | Q10: 473.92233 | R10: 477.98944 | S10: 482.14919 | T10: 485.99465 | U10: 489.48767 | V10: 492.63318
I11: 4 | J11: TOTAL DEMAND | K11: 1456 | L11: 1562 | M11: 1572.3112 | N11: 1582.0668 | O11: 1591.1978 | P11: 1599.7384 | Q11: 1607.8328 | R11: 1615.4051 | S11: 1622.9807 | T11: 1630.1736 | U11: 1636.957 | V11: 1643.3496
I12: 5 | J12: PER CAPITA FOOD DEMAND | K12: 4.4024626 | L12: 5.0544883 | M12: 5.0709715 | N12: 5.0872618 | O12: 5.1028915 | P12: 5.1178146 | Q12: 5.1321927 | R12: 5.1460089 | S12: 5.1596615 | T12: 5.1729544 | U12: 5.1859289 | V12: 5.1985752
I13: 6 | J13: PROCESSING DEMAND | K13: 930 | L13: 867.9 | M13: 876.54348 | N13: 885.17844 | O13: 893.63034 | P13: 901.92091 | Q13: 910.14592 | R13: 918.22807 | S13: 926.24014 | T13: 934.19027 | U13: 942.03455 | V13: 949.76478
I14: 7 | J14: STOCK CHANGE | K14: -93.99 | L14: -16 | M14: -15.890849 | N14: -15.941629 | O14: -15.992331 | P14: -16.042972 | Q14: -16.094212 | R14: -16.143965 | S14: -16.192447 | T14: -16.239959 | U14: -16.286661 | V14: -16.332749
I15: 8 | J15: DOMESTIC DEMAND | K15: 1549.99 | L15: 1578 | M15: 1588.2021 | N15: 1598.0085 | O15: 1607.1902 | P15: 1615.7814 | Q15: 1623.927 | R15: 1631.5491 | S15: 1639.1731 | T15: 1646.4135 | U15: 1653.2436 | V15: 1659.6824
I16: 9 | J16: energy | K16: 48.996405 | L16: 56.253006 | M16: 56.436452 | N16: 56.617752 | O16: 56.791701 | P16: 56.957785 | Q16: 57.117803 | R16: 57.271568 | S16: 57.423511 | T16: 57.571453 | U16: 57.71585 | V16: 57.856595
I17: 10 | J17: TOTAL FOOD DEMAND BY ALL HOUSEHOLD | K17: 619.99 | L17: 710.1 | M17: 711.65861 | N17: 712.83002 | O17: 713.55982 | P17: 713.86047 | Q17: 713.78105 | R17: 713.32102 | S17: 712.93297 | T17: 712.22328 | U17: 711.20908 | V17: 709.91759
I18: 11
I19: 12
I20: 13
I21: 14
I22: 15

Sheet VEGTX
B6: BASE | K6: BASE | L6: BASE | M6: BASE | N6: BASE | O6: BASE | P6: BASE | Q6: BASE | R6: BASE | S6: BASE | T6: BASE | U6: BASE | V6: BASE
B7: 2016-2035 | K7: 2024 | L7: 2025 | M7: 2026 | N7: 2027 | O7: 2028 | P7: 2029 | Q7: 2030 | R7: 2031 | S7: 2032 | T7: 2033 | U7: 2034 | V7: 2035
J8: AREA | K8: 2338.635 | L8: 2339.1495 | M8: 2339.4335 | N8: 2339.7035 | O8: 2339.9565 | P8: 2340.2288 | Q8: 2340.4621 | R8: 2340.5543 | S8: 2340.5129 | T8: 2340.3446 | U8: 2340.0562 | V8: 2339.6537
J9: YIELD | K9: 36822.326 | L9: 36851.041 | M9: 36931.776 | N9: 37013.469 | O9: 37097.309 | P9: 37185.686 | Q9: 37276.768 | R9: 37367.359 | S9: 37458.392 | T9: 37551.294 | U9: 37646.667 | V9: 37745.353
J10: TOTAL SUPPLY | K10: 86113.98 | L10: 86200.094 | M10: 86399.434 | N10: 86600.544 | O10: 86806.087 | P10: 87023.013 | Q10: 87244.862 | R10: 87460.333 | S10: 87671.847 | T10: 87882.969 | U10: 88095.314 | V10: 88311.054
J11: PRODUCTION | K11: 86113.98 | L11: 86200.094 | M11: 86399.434 | N11: 86600.544 | O11: 86806.087 | P11: 87023.013 | Q11: 87244.862 | R11: 87460.333 | S11: 87671.847 | T11: 87882.969 | U11: 88095.314 | V11: 88311.054
J12: TOTAL DEMAND | K12: 86113.98 | L12: 86200.094 | M12: 86399.434 | N12: 86600.544 | O12: 86806.087 | P12: 87023.013 | Q12: 87244.862 | R12: 87460.333 | S12: 87671.847 | T12: 87882.969 | U12: 88095.314 | V12: 88311.054
J13: PER CAPITA FOOD DEMAND | K13: 144.96785 | L13: 133.57775 | M13: 134.04167 | N13: 134.50759 | O13: 134.96278 | P13: 135.4054 | Q13: 135.84231 | R13: 136.2641 | S13: 136.68072 | T13: 137.08671 | U13: 137.4821 | V13: 137.86661
J14: PROCESSING DEMAND | K14: 19231.219 | L14: 23077.463 | M14: 23214.045 | N14: 23348.793 | O14: 23477.009 | P14: 23599.107 | Q14: 23718.127 | R14: 23830.953 | S14: 23939.563 | T14: 24044.236 | U14: 24143.912 | V14: 24238.464
J15: WASTE DEMAND | K15: 21528.495 | L15: 21550.023 | M15: 21599.858 | N15: 21650.136 | O15: 21701.522 | P15: 21755.753 | Q15: 21811.215 | R15: 21865.083 | S15: 21917.962 | T15: 21970.742 | U15: 22023.829 | V15: 22077.763
J16: OTHER DEMAND | K16: 23505.911 | L16: 21283.739 | M16: 21332.959 | N16: 21382.615 | O16: 21433.366 | P16: 21486.927 | Q16: 21541.704 | R16: 21594.906 | S16: 21647.131 | T16: 21699.259 | U16: 21751.69 | V16: 21804.958
J17: NET EXPORT | K17: 1432.8218 | L17: 1522.6632 | M17: 1441.2034 | N17: 1371.7197 | O17: 1321.7495 | P17: 1294.1485 | Q17: 1280.9814 | R17: 1280.9564 | S17: 1281.4184 | T17: 1294.343 | U17: 1321.3025 | V17: 1362.7995
J18: DOMESTIC DEMAND | K18: 84681.158 | L18: 84677.431 | M18: 84958.231 | N18: 85228.825 | O18: 85484.338 | P18: 85728.865 | Q18: 85963.88 | R18: 86179.376 | S18: 86390.429 | T18: 86588.626 | U18: 86774.012 | V18: 86948.254
J19: energy | K19: 86.039415 | L19: 79.279311 | M19: 79.554651 | N19: 79.831178 | O19: 80.101335 | P19: 80.364031 | Q19: 80.623342 | R19: 80.873677 | S19: 81.120943 | T19: 81.361903 | U19: 81.596566 | V19: 81.824779
... J21: CARBON EMISSION | K21: 3601.4937 | L21: 3578.5125 | M21: 3562.4239 | N21: 3545.8769 | O21: 3528.572 | P21: 3510.4674 | Q21: 3491.8137 | R21: 3472.5255 | S21: 3453.1274 | T21: 3433.1648 | U21: 3412.6008 | V21: 3391.4405

Sheet SORGX
B6: BASE | K6: BASE | L6: BASE | M6: BASE | N6: BASE | O6: BASE | P6: BASE | Q6: BASE | R6: BASE | S6: BASE | T6: BASE | U6: BASE | V6: BASE
B7: 2016-2035 | K7: 2024 | L7: 2025 | M7: 2026 | N7: 2027 | O7: 2028 | P7: 2029 | Q7: 2030 | R7: 2031 | S7: 2032 | T7: 2033 | U7: 2034 | V7: 2035
J8: AREA | K8: 69.2 | L8: 69 | M8: 69.045052 | N8: 69.09051 | O8: 69.136253 | P8: 69.182392 | Q8: 69.228561 | R8: 69.272467 | S8: 69.314219 | T8: 69.35392 | U8: 69.391669 | V8: 69.427561
J9: YIELD | K9: 4557.8035 | L9: 4637.6812 | M9: 4636.2447 | N9: 4634.8691 | O9: 4633.626 | P9: 4632.6689 | Q9: 4631.8891 | R9: 4630.8966 | S9: 4629.7659 | T9: 4628.605 | U9: 4627.4627 | V9: 4626.4034
J10: TOTAL SUPPLY | K10: 1180.7573 | L10: 774.13295 | M10: 775.05257 | N10: 775.26676 | O10: 775.76026 | P10: 776.29521 | Q10: 776.72639 | R10: 777.05354 | S10: 777.55251 | T10: 777.97467 | U10: 778.31518 | V10: 778.57806
J11: PRODUCTION | K11: 315.4 | L11: 320 | M11: 320.10976 | N11: 320.22547 | O11: 320.35154 | P11: 320.49911 | Q11: 320.65901 | R11: 320.79363 | S11: 320.90861 | T11: 321.0119 | U11: 321.10736 | V11: 321.1999
J12: NET IMPORT | K12: 865.35725 | L12: 454.13295 | M12: 454.94281 | N12: 455.04129 | O12: 455.40871 | P12: 455.7961 | Q12: 456.06737 | R12: 456.25991 | S12: 456.6439 | T12: 456.96276 | U12: 457.20782 | V12: 457.37816
J13: TOTAL DEMAND | K13: 1180.7573 | L13: 774.13295 | M13: 775.05257 | N13: 775.26676 | O13: 775.76026 | P13: 776.29521 | Q13: 776.72639 | R13: 777.05354 | S13: 777.55251 | T13: 777.97467 | U13: 778.31518 | V13: 778.57806
J14: PER CAPITA FOOD DEMAND | K14: 4.2605164 | L14: 2.847198 | M14: 2.8522043 | N14: 2.8581554 | O14: 2.86448 | P14: 2.8709997 | Q14: 2.8779292 | R14: 2.8852299 | S14: 2.8931915 | T14: 2.9015119 | U14: 2.910116 | V14: 2.9189235
J15: SEED DEMAND | K15: 3.6 | L15: 3.4 | M15: 3.4022199 | N15: 3.4044599 | O15: 3.4067139 | P15: 3.4089874 | Q15: 3.4112624 | R15: 3.4134259 | S15: 3.4154832 | T15: 3.4174395 | U15: 3.4192996 | V15: 3.4210682
J16: FEED DEMAND | K16: 490 | L16: 320 | M16: 320.61757 | N16: 320.59745 | O16: 320.9975 | P16: 321.59259 | Q16: 322.19435 | R16: 322.81356 | S16: 323.46303 | T16: 324.14117 | U16: 324.84737 | V16: 325.58072
J17: PROCESSING DEMAND | K17: 0.9 | L17: 0.9 | M17: 0.9052376 | N17: 0.91042825 | O17: 0.9154779 | P17: 0.92038859 | Q17: 0.92522503 | R17: 0.92995381 | S17: 0.93463526 | T17: 0.93924505 | U17: 0.94376013 | V17: 0.94817581
J18: WASTE DEMAND | K18: 75.11 | L18: 45 | M18: 45.015435 | N18: 45.031706 | O18: 45.049436 | P18: 45.070188 | Q18: 45.092674 | R18: 45.111604 | S18: 45.127773 | T18: 45.142299 | U18: 45.155722 | V18: 45.168736
J19: OTHER DEMAND | K19: 0.747113 | L19: 1.835365 | M19: 1.8359945 | N19: 1.8366582 | O19: 1.8373813 | P19: 1.8382277 | Q19: 1.8391448 | R19: 1.8399169 | S19: 1.8405763 | T19: 1.8411688 | U19: 1.8417163 | V19: 1.8422471
... J23: TOTAL FOOD DEMAND BY ALL HOUSEHOLD | K23: 600 | L23: 400 | M23: 400.27749 | N23: 400.48636 | O23: 400.55286 | P23: 400.46257 | Q23: 400.25997 | R23: 399.94006 | S23: 399.76491 | T23: 399.48628 | U23: 399.09936 | V23: 398.60828

Sheet OTGRX
B6: BASE | K6: BASE | L6: BASE | M6: BASE | N6: BASE | O6: BASE | P6: BASE | Q6: BASE | R6: BASE | S6: BASE | T6: BASE | U6: BASE | V6: BASE
B7: 2016-2035 | K7: 2024 | L7: 2025 | M7: 2026 | N7: 2027 | O7: 2028 | P7: 2029 | Q7: 2030 | R7: 2031 | S7: 2032 | T7: 2033 | U7: 2034 | V7: 2035
J8: AREA | K8: 1045.837 | L8: 1037.167 | M8: 1036.468 | N8: 1035.8291 | O8: 1035.2601 | P8: 1034.7751 | Q8: 1034.2914 | R8: 1033.8048 | S8: 1033.316 | T8: 1032.8258 | U8: 1032.3345 | V8: 1031.8426
J9: YIELD | K9: 3647.031 | L9: 3675.5894 | M9: 3684.7783 | N9: 3693.9903 | O9: 3703.2253 | P9: 3712.4833 | Q9: 3721.7645 | R9: 3731.0689 | S9: 3740.3966 | T9: 3749.7476 | U9: 3759.122 | V9: 3768.5198
J10: TOTAL SUPPLY | K10: 4007.0127 | L10: 4007.277 | M10: 4017.2138 | N10: 4021.042 | O10: 4028.6842 | P10: 4037.9999 | Q10: 4047.2951 | R10: 4056.6477 | S10: 4066.3112 | T10: 4076.1742 | U10: 4086.208 | V10: 4096.4007
J11: PRODUCTION | K11: 3814.2 | L11: 3812.2 | M11: 3819.1547 | N11: 3826.3426 | O11: 3833.8015 | P11: 3841.5851 | Q11: 3849.3889 | R11: 3857.1971 | S11: 3865.0119 | T11: 3872.8361 | U11: 3880.6713 | V11: 3888.5194
J12: NET IMPORT | K12: 192.81275 | L12: 195.07705 | M12: 198.0591 | N12: 194.69939 | O12: 194.88269 | P12: 196.41483 | Q12: 197.90626 | R12: 199.45058 | S12: 201.29936 | T12: 203.33813 | U12: 205.53664 | V12: 207.88125
J13: TOTAL DEMAND | K13: 4007.0127 | L13: 4007.277 | M13: 4017.2138 | N13: 4021.042 | O13: 4028.6842 | P13: 4037.9999 | Q13: 4047.2951 | R13: 4056.6477 | S13: 4066.3112 | T13: 4076.1742 | U13: 4086.208 | V13: 4096.4007
J14: PER CAPITA FOOD DEMAND | K14: 1.1683205 | L14: 0.88422499 | M14: 0.88173219 | N14: 0.87966181 | O14: 0.8778505 | P14: 0.87623731 | Q14: 0.87487616 | R14: 0.87375453 | S14: 0.87294248 | T14: 0.87235648 | U14: 0.87197172 | V14: 0.87176184
J15: SEED DEMAND | K15: 104.67024 | L15: 79.027332 | M15: 78.974068 | N15: 78.92539 | O15: 78.882038 | P15: 78.845077 | Q15: 78.808222 | R15: 78.77115 | S15: 78.733908 | T15: 78.696554 | U15: 78.659119 | V15: 78.621641
J16: FEED DEMAND | K16: 2675.2037 | L16: 3034.4731 | M16: 3040.3293 | N16: 3040.1385 | O16: 3043.9322 | P16: 3049.5752 | Q16: 3055.2815 | R16: 3061.1533 | S16: 3067.312 | T16: 3073.7427 | U16: 3080.4394 | V16: 3087.3936
J17: PROCESSING DEMAND | K17: 1095.6103 | L17: 827.1994 | M17: 831.92016 | N17: 836.57987 | O17: 841.08959 | P17: 845.44841 | Q17: 849.73743 | R17: 853.93366 | S17: 858.09226 | T17: 862.19068 | U17: 866.20755 | V17: 870.13836
J18: WASTE DEMAND | K18: 104.67024 | L18: 79.027332 | M18: 79.171503 | N18: 79.32051 | O18: 79.475133 | P18: 79.636489 | Q18: 79.798262 | R18: 79.960127 | S18: 80.122128 | T18: 80.284326 | U18: 80.446751 | V18: 80.609442
J19: STOCK CHANGE | K19: -137.674 | L19: -136.674 | M19: -136.92334 | N19: -137.18104 | O19: -137.44845 | P19: -137.72751 | Q19: -138.00729 | R19: -138.28723 | S19: -138.5674 | T19: -138.84791 | U19: -139.12882 | V19: -139.41019
... J22: TOTAL FOOD DEMAND BY ALL HOUSEHOLD | K22: 164.53224 | L22: 124.22388 | M22: 123.74203 | N22: 123.25871 | O22: 122.75371 | P22: 122.22232 | Q22: 121.67704 | R22: 121.11667 | S22: 120.61828 | T22: 120.10788 | U22: 119.58401 | V22: 119.04782

Sheet FRTOX
L5: =L11/L10 -> 0.98976796
B6: BASE | K6: BASE | L6: BASE | M6: BASE | N6: BASE | O6: BASE | P6: BASE | Q6: BASE | R6: BASE | S6: BASE | T6: BASE | U6: BASE | V6: BASE
B7: 2016-2035 | K7: 2024 | L7: 2025 | M7: 2026 | N7: 2027 | O7: 2028 | P7: 2029 | Q7: 2030 | R7: 2031 | S7: 2032 | T7: 2033 | U7: 2034 | V7: 2035
J8: AREA | K8: 1200 | L8: 1066.667 | M8: 1066.2014 | N8: 1065.7209 | O8: 1065.2261 | P8: 1064.7192 | Q8: 1064.2138 | R8: 1063.7058 | S8: 1063.1959 | T8: 1062.6848 | U8: 1062.173 | V8: 1061.6609
J9: YIELD | K9: 28750 | L9: 29999.991 | M9: 30031.37 | N9: 30062.971 | O9: 30095.14 | P9: 30128.6 | Q9: 30162.962 | R9: 30195.923 | S9: 30227.86 | T9: 30259.32 | U9: 30290.556 | V9: 30321.903
J10: TOTAL SUPPLY | K10: 34609.86 | L10: 32330.81 | M10: 32392.364 | N10: 32441.269 | O10: 32476.282 | P10: 32498.394 | Q10: 32508.64 | R10: 32506.96 | S10: 32505.978 | T10: 32495.241 | U10: 32475.184 | V10: 32446.758
J11: PRODUCTION | K11: 34500 | L11: 32000 | M11: 32019.487 | N11: 32038.736 | O11: 32058.129 | P11: 32078.5 | Q11: 32099.84 | R11: 32119.579 | S11: 32138.137 | T11: 32156.121 | U11: 32173.812 | V11: 32191.58
J12: NET IMPORT | K12: 109.86 | L12: 330.81 | M12: 372.87661 | N12: 402.53215 | O12: 418.15205 | P12: 419.89348 | Q12: 408.79999 | R12: 387.38134 | S12: 367.84062 | T12: 339.12019 | U12: 301.37262 | V12: 255.1776
J13: TOTAL DEMAND | K13: 34609.86 | L13: 32330.81 | M13: 32392.364 | N13: 32441.269 | O13: 32476.282 | P13: 32498.394 | Q13: 32508.64 | R13: 32506.96 | S13: 32505.978 | T13: 32495.241 | U13: 32475.184 | V13: 32446.758
J14: PER CAPITA FOOD DEMAND | K14: 116.31186 | L14: 134.30575 | M14: 134.74578 | N14: 135.16616 | O14: 135.5572 | P14: 135.92225 | Q14: 136.26214 | R14: 136.57599 | S14: 136.87668 | T14: 137.16033 | U14: 137.42807 | V14: 137.68118
J15: PROCESSING DEMAND | K15: 9259.8931 | L15: 9260.9 | M15: 9278.1923 | N15: 9295.1927 | O15: 9311.6585 | P15: 9327.4861 | Q15: 9342.8774 | R15: 9358.1641 | S15: 9373.5624 | T15: 9388.7898 | U15: 9403.7627 | V15: 9418.4281
J16: WASTE DEMAND | K16: 8970.0007 | L16: 4201.43 | M16: 4203.9886 | N16: 4206.5159 | O16: 4209.0621 | P16: 4211.7366 | Q16: 4214.5385 | R16: 4217.1301 | S16: 4219.5667 | T16: 4221.9278 | U16: 4224.2505 | V16: 4226.5834
J17: DOMESTIC DEMAND | K17: 34609.86 | L17: 32330.81 | M17: 32392.364 | N17: 32441.269 | O17: 32476.282 | P17: 32498.394 | Q17: 32508.64 | R17: 32506.96 | S17: 32505.978 | T17: 32495.241 | U17: 32475.184 | V17: 32446.758
J18: energy | K18: 96.682239 | L18: 111.63935 | M18: 112.00513 | N18: 112.35456 | O18: 112.6796 | P18: 112.98304 | Q18: 113.26557 | R18: 113.52645 | S18: 113.7764 | T18: 114.01217 | U18: 114.23473 | V18: 114.44512
J19: TOTAL FOOD DEMAND BY ALL HOUSEHOLD | K19: 16379.966 | L19: 18868.48 | M19: 18910.183 | N19: 18939.56 | O19: 18955.561 | P19: 18959.171 | Q19: 18951.225 | R19: 18931.666 | S19: 18912.849 | T19: 18884.523 | U19: 18847.171 | V19: 18801.746
J20: CARBON EMISSION | K20: 1875.8741 | L20: 1668.7353 | M20: 1660.9103 | N20: 1652.4538 | O20: 1643.2964 | P20: 1633.4639 | Q20: 1623.0438 | R20: 1612.1686 | S20: 1601.4572 | T20: 1590.361 | U20: 1578.8966 | V20: 1567.1013

Sheet BEEFX
M3: =M9+182-M13 -> 844.30481
M4: =M3/L15-1 -> 34.780077
L5: =L9/L8 -> 0.74106284
B6: BASE | K6: BASE | L6: BASE | M6: BASE | N6: BASE | O6: BASE | P6: BASE | Q6: BASE | R6: BASE | S6: BASE | T6: BASE | U6: BASE | V6: BASE
B7: 2016-2035 | K7: 2024 | L7: 2025 | M7: 2026 | N7: 2027 | O7: 2028 | P7: 2029 | Q7: 2030 | R7: 2031 | S7: 2032 | T7: 2033 | U7: 2034 | V7: 2035
J8: TOTAL SUPPLY | K8: 1066.41 | L8: 1080.88 | M8: 1042.7232 | N8: 1020.2262 | O8: 1023.7499 | P8: 1037.4244 | Q8: 1050.4875 | R8: 1063.0586 | S8: 1076.3112 | T8: 1089.3644 | U8: 1102.1857 | V8: 1114.7649
J9: PRODUCTION | K9: 779 | L9: 801 | M9: 771.38725 | N9: 744.72349 | O9: 742.0866 | P9: 751.47335 | Q9: 760.97104 | R9: 770.57104 | S9: 780.2725 | T9: 790.07309 | U9: 799.9727 | V9: 809.97045
J10: NET IMPORT | K10: 287.41 | L10: 279.88 | M10: 271.33598 | N10: 275.50271 | O10: 281.66326 | P10: 285.95104 | Q10: 289.5165 | R10: 292.48753 | S10: 296.03869 | T10: 299.29127 | U10: 302.21297 | V10: 304.79445
J11: TOTAL DEMAND | K11: 1066.41 | L11: 1080.88 | M11: 1042.7232 | N11: 1020.2262 | O11: 1023.7499 | P11: 1037.4244 | Q11: 1050.4875 | R11: 1063.0586 | S11: 1076.3112 | T11: 1089.3644 | U11: 1102.1857 | V11: 1114.7649
J12: PER CAPITA FOOD DEMAND | K12: 6.7769904 | L12: 6.8874431 | M12: 6.6527205 | N12: 6.5294788 | O12: 6.5707063 | P12: 6.6756658 | Q12: 6.7794346 | R12: 6.8829649 | S12: 6.9909657 | T12: 7.1007013 | U12: 7.2119436 | V12: 7.3244446
J13: OTHER DEMAND | K13: 112.02 | L13: 113.27 | M13: 109.08244 | N13: 105.3119 | O13: 104.93901 | P13: 106.2664 | Q13: 107.60948 | R13: 108.96702 | S13: 110.33891 | T13: 111.72482 | U13: 113.12473 | V13: 114.53852
J14: DOMESTIC DEMAND | K14: 1066.41 | L14: 1080.88 | M14: 1042.7232 | N14: 1020.2262 | O14: 1023.7499 | P14: 1037.4244 | Q14: 1050.4875 | R14: 1063.0586 | S14: 1076.3112 | T14: 1089.3644 | U14: 1102.1857 | V14: 1114.7649
J15: energy | K15: 23.218643 | L15: 23.597065 | M15: 22.792882 | N15: 22.370644 | O15: 22.511894 | P15: 22.871495 | Q15: 23.227017 | R15: 23.581723 | S15: 23.951744 | T15: 24.327709 | U15: 24.708836 | V15: 25.094276
J16: TOTAL FOOD DEMAND BY ALL HOUSEHOLD | K16: 954.39 | L16: 967.61 | M16: 933.6408 | N16: 914.9143 | O16: 918.81084 | P16: 931.15799 | Q16: 942.87806 | R16: 954.09155 | S16: 965.97228 | T16: 977.63954 | U16: 989.06094 | V16: 1000.2264
J17: CARBON EMISSION | K17: 12411.905 | L17: 12605.232 | M17: 11977.748 | N17: 11596.75 | O17: 11620.84 | P17: 11801.588 | Q17: 11971.881 | R17: 12133.631 | S17: 12304.898 | T17: 12472.129 | U17: 12634.86 | V17: 12792.966

Sheet CATBX
B6: BASE
B7: 2016-2035

Sheet CATOX
B6: BASE
B7: 2016-2035

Sheet CATTX
B6: BASE
B7: 2016-2035

Sheet PORKX
L5: =L9/L8 -> 0.98457314 | M5: =M9-L9 -> -53.862895
B6: BASE | K6: BASE | L6: BASE | M6: BASE | N6: BASE | O6: BASE | P6: BASE | Q6: BASE | R6: BASE | S6: BASE | T6: BASE | U6: BASE | V6: BASE
B7: 2016-2035 | K7: 2024 | L7: 2025 | M7: 2026 | N7: 2027 | O7: 2028 | P7: 2029 | Q7: 2030 | R7: 2031 | S7: 2032 | T7: 2033 | U7: 2034 | V7: 2035
J8: TOTAL SUPPLY | K8: 5810.54 | L8: 6031.04 | M8: 5971.3702 | N8: 5937.0643 | O8: 5902.1643 | P8: 5866.558 | Q8: 5830.1045 | R8: 5795.1601 | S8: 5762.291 | T8: 5728.8089 | U8: 5694.6828 | V8: 5659.9881
J9: PRODUCTION | K9: 5706 | L9: 5938 | M9: 5884.1371 | N9: 5847.2384 | O9: 5810.1937 | P9: 5773.0696 | Q9: 5736.121 | R9: 5699.5353 | S9: 5663.2843 | T9: 5627.3309 | U9: 5591.6558 | V9: 5556.2359
J10: NET IMPORT | K10: 104.54 | L10: 93.04 | M10: 87.233062 | N10: 89.825841 | O10: 91.970602 | P10: 93.488394 | Q10: 93.983485 | R10: 95.62475 | S10: 99.006689 | T10: 101.47802 | U10: 103.02699 | V10: 103.75225
J11: TOTAL DEMAND | K11: 5810.54 | L11: 6031.04 | M11: 5971.3702 | N11: 5937.0643 | O11: 5902.1643 | P11: 5866.558 | Q11: 5830.1045 | R11: 5795.1601 | S11: 5762.291 | T11: 5728.8089 | U11: 5694.6828 | V11: 5659.9881
J12: PER CAPITA FOOD DEMAND | K12: 31.557432 | L12: 32.835311 | M12: 32.640233 | N12: 32.473429 | O12: 32.312046 | P12: 32.154302 | Q12: 31.997553 | R12: 31.84295 | S12: 31.69419 | T12: 31.548267 | U12: 31.404829 | V12: 31.26323
J13: PROCESSING DEMAND | K13: 1075.41 | L13: 1116.66 | M13: 1106.9357 | N13: 1119.0308 | O13: 1130.9942 | P13: 1142.8444 | Q13: 1154.638 | R13: 1166.3229 | S13: 1177.9902 | T13: 1189.6491 | U13: 1201.2426 | V13: 1212.7588
J14: WASTE DEMAND | K14: 290.96 | L14: 301.38 | M14: 283.71391 | N14: 267.83803 | O14: 252.83411 | P14: 238.6577 | Q14: 225.27374 | R14: 214.88344 | S14: 204.97604 | T14: 195.52775 | U14: 186.51666 | V14: 177.92178
J15: OTHER DEMAND | K15: 2.6600944e-13
J16: DOMESTIC DEMAND | K16: 5810.54 | L16: 6031.04 | M16: 5971.3702 | N16: 5937.0643 | O16: 5902.1643 | P16: 5866.558 | Q16: 5830.1045 | R16: 5795.1601 | S16: 5762.291 | T16: 5728.8089 | U16: 5694.6828 | V16: 5659.9881
J17: energy | K17: 314.31674 | L17: 327.0446 | M17: 325.1016 | N17: 323.44021 | O17: 321.83281 | P17: 320.26165 | Q17: 318.70041 | R17: 317.16054 | S17: 315.67887 | T17: 314.22546 | U17: 312.79679 | V17: 311.38644
J18: TOTAL FOOD DEMAND BY ALL HOUSEHOLD | K18: 4444.17 | L18: 4613 | M18: 4580.7206 | N18: 4550.1954 | O18: 4518.336 | P18: 4485.0559 | Q18: 4450.1928 | R18: 4413.9538 | S18: 4379.3248 | T18: 4343.632 | U18: 4306.9236 | V18: 4269.3076
J19: CARBON EMISSION | K19: 5120.442 | L19: 5298.4173 | M19: 5223.3711 | N19: 5171.522 | O19: 5119.4784 | P19: 5067.1457 | Q19: 5014.4048 | R19: 4963.3358 | S19: 4914.4165 | T19: 4865.2774 | U19: 4815.8965 | V19: 4766.344

Sheet PIGBX
L1: =L11/K11*100-100 -> #DIV/0! | M1: =M11/L11*100-100 -> #DIV/0! | N1: =N11/M11*100-100 -> #DIV/0! | O1: =O11/N11*100-100 -> #DIV/0! | P1: =P11/O11*100-100 -> #DIV/0! | Q1: =Q11/P11*100-100 -> #DIV/0! | R1: =R11/Q11*100-100 -> #DIV/0! | S1: =S11/R11*100-100 -> #DIV/0! | ... AB1: =AB11/AA11*100-100 -> #DIV/0!
B6: BASE
B7: 2016-2035

Sheet PIGOX
B6: BASE
B7: 2016-2035

Sheet PIGTX
B6: BASE
B7: 2016-2035

Sheet SHGMX
L5: =L9/L8 -> 0.93641797
B6: BASE | K6: BASE | L6: BASE | M6: BASE | N6: BASE | O6: BASE | P6: BASE | Q6: BASE | R6: BASE | S6: BASE | T6: BASE | U6: BASE | V6: BASE
B7: 2016-2035 | K7: 2024 | L7: 2025 | M7: 2026 | N7: 2027 | O7: 2028 | P7: 2029 | Q7: 2030 | R7: 2031 | S7: 2032 | T7: 2033 | U7: 2034 | V7: 2035
J8: TOTAL SUPPLY | K8: 554.53 | L8: 529.678 | M8: 535.20412 | N8: 540.84605 | O8: 546.14639 | P8: 551.08215 | Q8: 555.7149 | R8: 560.037 | S8: 564.69814 | T8: 569.21719 | U8: 573.57319 | V8: 577.76153
J9: PRODUCTION | K9: 518 | L9: 496 | M9: 501.12515 | N9: 506.32269 | O9: 511.59571 | P9: 516.95142 | Q9: 522.36119 | R9: 527.81797 | S9: 533.32192 | T9: 538.87283 | U9: 544.47103 | V9: 550.11665
J10: NET IMPORT | K10: 36.53 | L10: 33.678 | M10: 34.078966 | N10: 34.523358 | O10: 34.550679 | P10: 34.130735 | Q10: 33.35371 | R10: 32.219029 | S10: 31.376215 | T10: 30.344358 | U10: 29.102164 | V10: 27.64488
J11: TOTAL DEMAND | K11: 554.53 | L11: 529.678 | M11: 535.20412 | N11: 540.84605 | O11: 546.14639 | P11: 551.08215 | Q11: 555.7149 | R11: 560.037 | S11: 564.69814 | T11: 569.21719 | U11: 573.57319 | V11: 577.76153
J12: PER CAPITA FOOD DEMAND | K12: 3.5182339 | L12: 3.3622046 | M12: 3.4009374 | N12: 3.4422338 | O12: 3.4828242 | P12: 3.5224863 | Q12: 3.5615901 | R12: 3.6001118 | S12: 3.6407578 | T12: 3.6819375 | U12: 3.7234808 | V12: 3.7652434
J13: WASTE DEMAND | K13: 51.8 | L13: 49.6 | M13: 50.112515 | N13: 50.632269 | O13: 51.159571 | P13: 51.695142 | Q13: 52.236119 | R13: 52.781797 | S13: 53.332192 | T13: 53.887283 | U13: 54.447103 | V13: 55.011665
J14: OTHER DEMAND | K14: 7.26415 | L14: 7.72524 | M14: 7.8050647 | N14: 7.8860168 | O14: 7.9681444 | P14: 8.05156 | Q14: 8.1358176 | R14: 8.2208075 | S14: 8.306532 | T14: 8.3929878 | U14: 8.4801802 | V14: 8.5681111
J15: DOMESTIC DEMAND | K15: 554.53 | L15: 529.678 | M15: 535.20412 | N15: 540.84605 | O15: 546.14639 | P15: 551.08215 | Q15: 555.7149 | R15: 560.037 | S15: 564.69814 | T15: 569.21719 | U15: 573.57319 | V15: 577.76153
J16: energy | K16: 19.290677 | L16: 18.435159 | M16: 18.647534 | N16: 18.873964 | O16: 19.096524 | P16: 19.313993 | Q16: 19.528401 | R16: 19.739618 | S16: 19.962482 | T16: 20.188273 | U16: 20.416058 | V16: 20.645044
J17: TOTAL FOOD DEMAND BY ALL HOUSEHOLD | K17: 495.46585 | L17: 472.35276 | M17: 477.28654 | N17: 482.32777 | O17: 487.01867 | P17: 491.33545 | Q17: 495.34296 | R17: 499.0344 | S17: 503.05941 | T17: 506.93692 | U17: 510.64591 | V17: 514.18175
J18: CARBON EMISSION | K18: 6406.1653 | L18: 6051.1075 | M18: 6075.9939 | N18: 6101.6331 | O18: 6122.4341 | P18: 6138.2171 | Q18: 6149.8231 | R18: 6157.2466 | S18: 6168.2582 | T18: 6177.1271 | U18: 6183.6509 | V18: 6187.8231

Sheet CHKMX
M4: =M9/L9-1 -> 0.037501368 | N4: =N9/M9-1 -> 0.0094675597 | O4: =O9/N9-1 -> 0.0094850181 | P4: =P9/O9-1 -> 0.0094922552 | Q4: =Q9/P9-1 -> 0.0094826695 | R4: =R9/Q9-1 -> 0.009520303 | S4: =S9/R9-1 -> 0.0095528787 | T4: =T9/S9-1 -> 0.0095787016 | ... V4: =V9/U9-1 -> 0.0096186742
L5: =L9/L8 -> 1
B6: BASE | K6: BASE | L6: BASE | M6: BASE | N6: BASE | O6: BASE | P6: BASE | Q6: BASE | R6: BASE | S6: BASE | T6: BASE | U6: BASE | V6: BASE
B7: 2016-2035 | K7: 2024 | L7: 2025 | M7: 2026 | N7: 2027 | O7: 2028 | P7: 2029 | Q7: 2030 | R7: 2031 | S7: 2032 | T7: 2033 | U7: 2034 | V7: 2035
J8: TOTAL SUPPLY | K8: 2660.7696 | L8: 2803.4 | M8: 2908.5313 | N8: 2942.3417 | O8: 2979.052 | P8: 3013.9624 | Q8: 3047.0812 | R8: 3078.1792 | S8: 3110.9263 | T8: 3142.6482 | U8: 3173.2064 | V8: 3202.6062
J9: PRODUCTION | K9: 2640.1829 | L9: 2803.4 | M9: 2908.5313 | N9: 2936.068 | O9: 2963.9167 | P9: 2992.0509 | Q9: 3020.4236 | R9: 3049.1789 | S9: 3078.3074 | T9: 3107.7935 | U9: 3137.6311 | V9: 3167.811
J10: NET IMPORT | K10: 20.586788 | N10: 6.2737158 | O10: 15.135268 | P10: 21.911502 | Q10: 26.657607 | R10: 29.000313 | S10: 32.618933 | T10: 34.854647 | U10: 35.575283 | V10: 34.795175
J11: TOTAL DEMAND | K11: 2660.7696 | L11: 2803.4 | M11: 2908.5313 | N11: 2942.3417 | O11: 2979.052 | P11: 3013.9624 | Q11: 3047.0812 | R11: 3078.1792 | S11: 3110.9263 | T11: 3142.6482 | U11: 3173.2064 | V11: 3202.6062
J12: PER CAPITA FOOD DEMAND | K12: 17.7689 | L12: 18.62721 | M12: 19.045684 | N12: 19.34341 | O12: 19.638161 | P12: 19.930154 | Q12: 20.219036 | R12: 20.503304 | S12: 20.79819 | T12: 21.095147 | U12: 21.393127 | V12: 21.691588
J13: WASTE DEMAND | K13: 158.41097 | L13: 145.65023 | M13: 192.6682 | N13: 231.93207 | O13: 232.96129 | P13: 233.99676 | Q13: 235.03459 | R13: 236.08583 | S13: 237.14942 | T13: 238.2239 | U13: 239.30851 | V13: 240.40229
J14: NET EXPORT | L14: 40.831669 | M14: 42.997598
J15: DOMESTIC DEMAND | K15: 2660.7696 | L15: 2762.5683 | M15: 2865.5337 | N15: 2942.3417 | O15: 2979.052 | P15: 3013.9624 | Q15: 3047.0812 | R15: 3078.1792 | S15: 3110.9263 | T15: 3142.6482 | U15: 3173.2064 | V15: 3202.6062
J16: energy | K16: 64.220534 | L16: 67.322646 | M16: 68.835098 | N16: 69.911144 | O16: 70.976436 | P16: 72.031759 | Q16: 73.075841 | R16: 74.103245 | S16: 75.169025 | T16: 76.242287 | U16: 77.31925 | V16: 78.397951
J17: TOTAL FOOD DEMAND BY ALL HOUSEHOLD | K17: 2502.3587 | L17: 2616.9181 | M17: 2672.8655 | N17: 2710.4097 | O17: 2746.0907 | P17: 2779.9657 | Q17: 2812.0466 | R17: 2842.0934 | S17: 2873.7769 | T17: 2904.4243 | U17: 2933.8979 | V17: 2962.2039
J18: CARBON EMISSION | K18: 1352.7511 | L18: 1393.5211 | M18: 1434.0602 | N18: 1460.4478 | O18: 1466.0135 | P18: 1470.4649 | Q18: 1473.8333 | R18: 1476.033 | S18: 1478.8806 | T18: 1481.0665 | U18: 1482.5402 | V18: 1483.3217

Sheet EGGSX
M4: =M15-L15 -> 1.4119917 | N4: =N15-M15 -> 2.1811413 | O4: =O15-N15 -> 3.2920086 | P4: =P15-O15 -> 1.5282406 | Q4: =Q15-P15 -> 0.98484138 | R4: =R15-Q15 -> 0.69624631 | S4: =S15-R15 -> 0.649013 | T4: =T15-S15 -> 0.53619196 | ... V4: =V15-U15 -> 0.36541028
B6: BASE | K6: BASE | L6: BASE | M6: BASE | N6: BASE | O6: BASE | P6: BASE | Q6: BASE | R6: BASE | S6: BASE | T6: BASE | U6: BASE | V6: BASE
B7: 2016-2035 | K7: 2024 | L7: 2025 | M7: 2026 | N7: 2027 | O7: 2028 | P7: 2029 | Q7: 2030 | R7: 2031 | S7: 2032 | T7: 2033 | U7: 2034 | V7: 2035
J8: TOTAL SUPPLY | K8: 3049.8 | L8: 2973.3 | M8: 2999.0379 | N8: 3024.8245 | O8: 3050.6137 | P8: 3070.9177 | Q8: 3087.2081 | R8: 3100.3963 | S8: 3113.5503 | T8: 3126.6575 | U8: 3139.7143 | V8: 3152.7141
J9: PRODUCTION | K9: 3049.8 | L9: 2973.3 | M9: 2999.0379 | N9: 3024.8245 | O9: 3050.6137 | P9: 3070.9177 | Q9: 3087.2081 | R9: 3100.3963 | S9: 3113.5503 | T9: 3126.6575 | U9: 3139.7143 | V9: 3152.7141
J10: TOTAL DEMAND | K10: 3049.8 | L10: 2973.3 | M10: 2999.0379 | N10: 3024.8245 | O10: 3050.6137 | P10: 3070.9177 | Q10: 3087.2081 | R10: 3100.3963 | S10: 3113.5503 | T10: 3126.6575 | U10: 3139.7143 | V10: 3152.7141
J11: PER CAPITA FOOD DEMAND | K11: 16.947173 | L11: 16.37993 | M11: 16.470523 | N11: 16.563015 | O11: 16.65506 | P11: 16.746528 | Q11: 16.836956 | R11: 16.926585 | S11: 17.01738 | T11: 17.108215 | U11: 17.199076 | V11: 17.289858
J12: PROCESSING DEMAND | K12: 478.55 | L12: 481.98662 | M12: 493.97497 | N12: 506.23529 | O12: 518.67398 | P12: 528.95245 | Q12: 537.2173 | R12: 544.1562 | S12: 550.99014 | T12: 558.82872 | U12: 567.62817 | V12: 577.28177
J13: WASTE DEMAND | K13: 152.49002 | L13: 147.49942 | M13: 149.37133 | N13: 151.1679 | O13: 152.89733 | P13: 154.29306 | Q13: 155.43542 | R13: 156.25552 | S13: 156.76155 | T13: 157.26405 | U13: 157.76286 | V13: 158.25765
J14: OTHER DEMAND | K14: 14.232402 | L14: 22.798954 | M14: 22.996309 | N14: 23.194038 | O14: 23.391787 | P14: 23.547476 | Q14: 23.672389 | R14: 23.773515 | S14: 23.874378 | T14: 23.974883 | U14: 24.075001 | V14: 24.174683
J15: NET EXPORT | K15: 17.891142 | L15: 19.815003 | M15: 21.226995 | N15: 23.408136 | O15: 26.700145 | P15: 28.228386 | Q15: 29.213227 | R15: 29.909473 | S15: 30.558486 | T15: 31.094678 | U15: 31.531165 | V15: 31.896576
J16: DOMESTIC DEMAND | K16: 3031.9089 | L16: 2953.485 | M16: 2977.8109 | N16: 3001.4164 | O16: 3023.9136 | P16: 3042.6893 | Q16: 3057.9948 | R16: 3070.4868 | S16: 3082.9918 | T16: 3095.5628 | U16: 3108.1831 | V16: 3120.8176
J17: energy | K17: 62.543587 | L17: 60.450177 | M17: 60.784511 | N17: 61.125853 | O17: 61.465544 | P17: 61.803108 | Q17: 62.136833 | R17: 62.467607 | S17: 62.802687 | T17: 63.137915 | U17: 63.473237 | V17: 63.808266
J18: TOTAL FOOD DEMAND BY ALL HOUSEHOLD | K18: 2386.6364 | L18: 2301.2 | M18: 2311.4683 | N18: 2320.8191 | O18: 2328.9505 | P18: 2335.8963 | Q18: 2341.6697 | R18: 2346.3016 | S18: 2351.3658 | T18: 2355.4952 | U18: 2358.7171 | V18: 2361.1035
J19: CARBON EMISSION | K19: 1756.2863 | L19: 1706.6053 | M19: 1716.0565 | N19: 1725.0343 | O19: 1733.3213 | P19: 1739.4369 | Q19: 1743.5404 | R19: 1746.0191 | S19: 1748.48 | T19: 1750.953 | U19: 1753.4286 | V19: 1755.8869

Sheet MILKX
L5: =L9/L8 -> 0.7200183
B6: BASE | K6: BASE | L6: BASE | M6: BASE | N6: BASE | O6: BASE | P6: BASE | Q6: BASE | R6: BASE | S6: BASE | T6: BASE | U6: BASE | V6: BASE
B7: 2016-2035 | K7: 2024 | L7: 2025 | M7: 2026 | N7: 2027 | O7: 2028 | P7: 2029 | Q7: 2030 | R7: 2031 | S7: 2032 | T7: 2033 | U7: 2034 | V7: 2035
J8: TOTAL SUPPLY | K8: 5637.3 | L8: 5681.8 | M8: 5749.8919 | N8: 5817.7592 | O8: 5881.8091 | P8: 5942.3335 | Q8: 5999.9143 | R8: 6054.3856 | S8: 6110.5774 | T8: 6165.3292 | U8: 6218.3818 | V8: 6269.7759
J9: PRODUCTION | K9: 4079 | L9: 4091 | M9: 4154.866 | N9: 4219.8069 | O9: 4285.7996 | P9: 4352.8235 | Q9: 4420.8508 | R9: 4489.8095 | S9: 4559.7016 | T9: 4630.5203 | U9: 4702.2717 | V9: 4774.9574
J10: NET IMPORT | K10: 1558.3 | L10: 1590.8 | M10: 1595.0259 | N10: 1597.9524 | O10: 1596.0095 | P10: 1589.51 | Q10: 1579.0635 | R10: 1564.5762 | S10: 1550.8758 | T10: 1534.809 | U10: 1516.1101 | V10: 1494.8185
J11: TOTAL DEMAND | K11: 5637.3 | L11: 5681.8 | M11: 5749.8919 | N11: 5817.7592 | O11: 5881.8091 | P11: 5942.3335 | Q11: 5999.9143 | R11: 6054.3856 | S11: 6110.5774 | T11: 6165.3292 | U11: 6218.3818 | V11: 6269.7759
J12: PER CAPITA FOOD DEMAND | K12: 20.407941 | L12: 20.924391 | M12: 21.232989 | N12: 21.550293 | O12: 21.853629 | P12: 22.144384 | Q12: 22.424961 | R12: 22.694567 | S12: 22.974305 | T12: 23.253095 | U12: 23.529681 | V12: 23.803781
J13: PROCESSING DEMAND | K13: 2038.0379 | L13: 2060.4563 | M13: 2077.7215 | N13: 2094.9594 | O13: 2111.7627 | P13: 2128.1896 | Q13: 2144.4085 | R13: 2160.3955 | S13: 2176.3191 | T13: 2192.1951 | U13: 2207.9173 | V13: 2223.4639
J14: WASTE DEMAND | K14: 228.424 | L14: 229.096 | M14: 232.67249 | N14: 236.30918 | O14: 240.00478 | P14: 243.75812 | Q14: 247.56764 | R14: 251.42933 | S14: 255.34329 | T14: 259.30914 | U14: 263.32722 | V14: 267.39762
J15: OTHER DEMAND | K15: 496.82861 | L15: 452.60089 | M15: 459.6666 | N15: 466.85122 | O15: 474.15222 | P15: 481.56729 | Q15: 489.09338 | R15: 496.7225 | S15: 504.4549 | T15: 512.28981 | U15: 520.22791 | V15: 528.26937
J16: DOMESTIC DEMAND | K16: 5637.3 | L16: 5681.8 | M16: 5749.8919 | N16: 5817.7592 | O16: 5881.8091 | P16: 5942.3335 | Q16: 5999.9143 | R16: 6054.3856 | S16: 6110.5774 | T16: 6165.3292 | U16: 6218.3818 | V16: 6269.7759
J17: energy | K17: 30.363784 | L17: 31.132181 | M17: 31.591325 | N17: 32.063424 | O17: 32.51474 | P17: 32.947337 | Q17: 33.364791 | R17: 33.765922 | S17: 34.182127 | T17: 34.596924 | U17: 35.008439 | V17: 35.416257
J18: TOTAL FOOD DEMAND BY ALL HOUSEHOLD | K18: 2874.0095 | L18: 2939.6468 | M18: 2979.8313 | N18: 3019.6394 | O18: 3055.8894 | P18: 3088.8185 | Q18: 3118.8448 | R18: 3145.8382 | S18: 3174.4601 | T18: 3201.5352 | U18: 3226.9094 | V18: 3250.645
J19: CARBON EMISSION | K19: 4487.1191 | L19: 4525.8209 | M19: 4590.9934 | N19: 4655.5381 | O19: 4715.413 | P19: 4770.9813 | Q19: 4822.9276 | R19: 4871.0937 | S19: 4920.8899 | T19: 4968.7904 | U19: 5014.5214 | V19: 5058.144

Sheet FISHX
M3: =M10/L10-1 -> 0.1008638
M4: =M13/L13-1 -> 0.01875609
L5: =L9/L8 -> 0.96846206 | M5: =M9/L9-1 -> 0.0081341807
K6: BASE | L6: BASE | M6: BASE | N6: BASE | O6: BASE | P6: BASE | Q6: BASE | R6: BASE | S6: BASE | T6: BASE | U6: BASE | V6: BASE
K7: 2024 | L7: 2025 | M7: 2026 | N7: 2027 | O7: 2028 | P7: 2029 | Q7: 2030 | R7: 2031 | S7: 2032 | T7: 2033 | U7: 2034 | V7: 2035
J8: TOTAL SUPPLY | K8: 7635 | L8: 7906.35 | M8: 7993.7838 | N8: 8080.8004 | O8: 8165.2322 | P8: 8247.0351 | Q8: 8326.5836 | R8: 8404.6507 | S8: 8484.8281 | T8: 8564.4089 | U8: 8643.2346 | V8: 8721.3066
J9: PRODUCTION | K9: 7366 | L9: 7657 | M9: 7719.2834 | N9: 7782.1066 | O9: 7845.4693 | P9: 7909.482 | Q9: 7973.9305 | R9: 8038.7964 | S9: 8104.0604 | T9: 8169.6879 | U9: 8235.6676 | V9: 8301.9806
J10: NET IMPORT | K10: 269 | L10: 249.35 | M10: 274.50039 | N10: 298.69377 | O10: 319.76294 | P10: 337.55316 | Q10: 352.6531 | R10: 365.85428 | S10: 380.76767 | T10: 394.72107 | U10: 407.56701 | V10: 419.32602
J11: TOTAL DEMAND | K11: 7635 | L11: 7906.35 | M11: 7993.7838 | N11: 8080.8004 | O11: 8165.2322 | P11: 8247.0351 | Q11: 8326.5836 | R11: 8404.6507 | S11: 8484.8281 | T11: 8564.4089 | U11: 8643.2346 | V11: 8721.3066
J12: PER CAPITA FOOD DEMAND | K12: 23.583451 | L12: 25.47685 | M12: 25.672741 | N12: 25.87275 | O12: 26.065079 | P12: 26.248356 | Q12: 26.423119 | R12: 26.595541 | S12: 26.775138 | T12: 26.955996 | U12: 27.137739 | V12: 27.319668
J13: PROCESSING DEMAND | K13: 2647.99 | L13: 2687.7099 | M13: 2738.1208 | N13: 2789.2867 | O13: 2840.6615 | P13: 2892.2911 | Q13: 2944.3982 | R13: 2996.9051 | S13: 3050.0482 | T13: 3103.8572 | U13: 3158.1884 | V13: 3213.0136
J14: WASTE DEMAND | K14: 1665.7998 | L14: 1639.4229 | M14: 1652.7583 | N14: 1666.2092 | O14: 1679.7757 | P14: 1693.4813 | Q14: 1707.2802 | R14: 1721.1685 | S14: 1735.142 | T14: 1749.1934 | U14: 1763.3202 | V14: 1777.5183
J15: DOMESTIC DEMAND | K15: 7635 | L15: 7906.35 | M15: 7993.7838 | N15: 8080.8004 | O15: 8165.2322 | P15: 8247.0351 | Q15: 8326.5836 | R15: 8404.6507 | S15: 8484.8281 | T15: 8564.4089 | U15: 8643.2346 | V15: 8721.3066
J16: energy | K16: 49.414416 | L16: 53.381657 | M16: 53.792107 | N16: 54.211186 | O16: 54.614174 | P16: 54.998194 | Q16: 55.364375 | R16: 55.72565 | S16: 56.101961 | T16: 56.480912 | U16: 56.861719 | V16: 57.242916
J17: TOTAL FOOD DEMAND BY ALL HOUSEHOLD | K17: 3321.2102 | L17: 3579.2172 | M17: 3602.9047 | N17: 3625.3044 | O17: 3644.795 | P17: 3661.2627 | Q17: 3674.9052 | R17: 3686.5771 | S17: 3699.6379 | T17: 3711.3583 | U17: 3721.726 | V17: 3730.7747

Sheet TOSLX
K6: BASE | L6: BASE | M6: BASE | N6: BASE | O6: BASE | P6: BASE | Q6: BASE | R6: BASE | S6: BASE | T6: BASE | U6: BASE | V6: BASE
K7: 2024 | L7: 2025 | M7: 2026 | N7: 2027 | O7: 2028 | P7: 2029 | Q7: 2030 | R7: 2031 | S7: 2032 | T7: 2033 | U7: 2034 | V7: 2035
J8: RICE | K8: 20832.07 | L8: 21106.96 | M8: 21304.815 | N8: 21345.047 | O8: 21349.459 | P8: 21361.983 | Q8: 21382.975 | R8: 21410.923 | S8: 21452.91 | T8: 21502.319 | U8: 21558.87 | V8: 21623.098
J9: WHEA | K9: 15116.16 | L9: 14391.92 | M9: 14354.245 | N9: 14324.399 | O9: 14301.692 | P9: 14284.366 | Q9: 14271.119 | R9: 14261.72 | S9: 14260.206 | T9: 14262.792 | U9: 14269.352 | V9: 14280.201
J10: MAIZ | K10: 30855 | L10: 30387.81 | M10: 30545.286 | N10: 30933.839 | O10: 31114.972 | P10: 31261.372 | Q10: 31392.522 | R10: 31513.955 | S10: 31631.802 | T10: 31747.263 | U10: 31860.016 | V10: 31970.252
J11: POTA | K11: 9500 | L11: 9849.34 | M11: 9864.2819 | N11: 9879.3324 | O11: 9894.6094 | P11: 9910.7854 | Q11: 9927.2329 | R11: 9943.8243 | S11: 9960.6922 | T11: 9978.0433 | U11: 9995.9595 | V11: 10014.559
J12: SORG | K12: 1180.7573 | L12: 774.13295 | M12: 775.05257 | N12: 775.26676 | O12: 775.76026 | P12: 776.29521 | Q12: 776.72639 | R12: 777.05354 | S12: 777.55251 | T12: 777.97467 | U12: 778.31518 | V12: 778.57806
J13: BARL | K13: 1624 | L13: 1280 | M13: 1285.4475 | N13: 1290.0101 | O13: 1295.0205 | P13: 1300.1757 | Q13: 1305.2791 | R13: 1310.3008 | S13: 1315.3345 | T13: 1320.3343 | U13: 1325.279 | V13: 1330.1636
J14: SOYS | K14: 12562 | L14: 13267.2 | M14: 12895.576 | N14: 12799.238 | O14: 12768.403 | P14: 12774.58 | Q14: 12795.354 | R14: 12818.416 | S14: 12851.508 | T14: 12891.173 | U14: 12935.858 | V14: 12984.515
J15: SOYO | K15: 1817 | L15: 1871 | M15: 1876.9205 | N15: 1883.3666 | O15: 1889.0787 | P15: 1893.9642 | Q15: 1898.2203 | R15: 1901.6318 | S15: 1905.6286 | T15: 1908.9666 | U15: 1911.6465 | V15: 1913.6889
J16: SOYM | K16: 7729.4 | L16: 8100 | M16: 8045.9737 | N16: 8042.7683 | O16: 8065.2495 | P16: 8100.0851 | Q16: 8135.0825 | R16: 8170.5225 | S16: 8206.8131 | T16: 8243.9166 | U16: 8281.8197 | V16: 8320.5023
J17: RAPS | K17: 2325.45 | L17: 1987.8267 | M17: 2138.69 | N17: 2138.6302 | O17: 2141.9822 | P17: 2146.9187 | Q17: 2151.9109 | R17: 2157.0479 | S17: 2162.4339 | T17: 2168.0562 | U17: 2173.9099 | V17: 2179.9877
J18: RAPO | K18: 933.5 | L18: 980.76 | M18: 986.40388 | N18: 992.50581 | O18: 998.27924 | P18: 1003.6733 | Q18: 1008.7481 | R18: 1013.2483 | S18: 1017.9445 | T18: 1022.1738 | U18: 1025.9389 | V18: 1029.2534
J19: RAPM | K19: 1449.7 | L19: 1445.12 | M19: 1442.7809 | N19: 1442.6915 | O19: 1444.469 | P19: 1447.113 | Q19: 1449.7866 | R19: 1452.5378 | S19: 1455.4235 | T19: 1458.4365 | U19: 1461.5742 | V19: 1464.8326
... J36: OTGR | K36: 4007.0127 | L36: 4007.277 | M36: 4017.2138 | N36: 4021.042 | O36: 4028.6842 | P36: 4037.9999 | Q36: 4047.2951 | R36: 4056.6477 | S36: 4066.3112 | T36: 4076.1742 | U36: 4086.208 | V36: 4096.4007

Sheet PRODX
K6: BASE | L6: BASE | M6: BASE | N6: BASE | O6: BASE | P6: BASE | Q6: BASE | R6: BASE | S6: BASE | T6: BASE | U6: BASE | V6: BASE
K7: 2024 | L7: 2025 | M7: 2026 | N7: 2027 | O7: 2028 | P7: 2029 | Q7: 2030 | R7: 2031 | S7: 2032 | T7: 2033 | U7: 2034 | V7: 2035
J8: RICE | K8: 20753.5 | L8: 20904.1 | M8: 20964.453 | N8: 21025.989 | O8: 21088.612 | P8: 21151.07 | Q8: 21213.844 | R8: 21277.604 | S8: 21342.392 | T8: 21408.291 | U8: 21475.318 | V8: 21543.515
J9: WHEA | K9: 14009.9 | L9: 14007.2 | M9: 14025.256 | N9: 14044.316 | O9: 14064.569 | P9: 14086.922 | Q9: 14112.243 | R9: 14138.73 | S9: 14166.53 | T9: 14195.897 | U9: 14226.911 | V9: 14259.704
J10: MAIZ | K10: 29492 | L10: 30123.5 | M10: 30279.241 | N10: 30434.368 | O10: 30591.741 | P10: 30748.439 | Q10: 30906.597 | R10: 31068.245 | S10: 31233.725 | T10: 31403.626 | U10: 31578.156 | V10: 31757.646
J11: POTA | K11: 9500 | L11: 9849.34 | M11: 9864.2819 | N11: 9879.3324 | O11: 9894.6094 | P11: 9910.7854 | Q11: 9927.2329 | R11: 9943.8243 | S11: 9960.6922 | T11: 9978.0433 | U11: 9995.9595 | V11: 10014.559
J12: SORG | K12: 315.4 | L12: 320 | M12: 320.10976 | N12: 320.22547 | O12: 320.35154 | P12: 320.49911 | Q12: 320.65901 | R12: 320.79363 | S12: 320.90861 | T12: 321.0119 | U12: 321.10736 | V12: 321.1999
J13: BARL | K13: 200 | L13: 230 | M13: 229.66453 | N13: 229.32978 | O13: 228.99918 | P13: 228.68046 | Q13: 228.37092 | R13: 228.06472 | S13: 227.76485 | T13: 227.47596 | U13: 227.19981 | V13: 226.93895
J14: SOYS | K14: 2065 | L14: 2091 | M14: 2207.8585 | N14: 2331.3001 | O14: 2461.7158 | P14: 2599.6902 | Q14: 2745.5028 | R14: 2843.7876 | S14: 2945.6841 | T14: 3051.3899 | U14: 3161.0772 | V14: 3274.9391
J15: SOYO | K15: 1790 | L15: 1871 | M15: 1876.9205 | N15: 1883.3666 | O15: 1889.0787 | P15: 1893.9642 | Q15: 1898.2203 | R15: 1901.6318 | S15: 1905.6286 | T15: 1908.9666 | U15: 1911.6465 | V15: 1913.6889
J16: SOYM | K16: 7729.4 | L16: 8100 | M16: 7927.4339 | N16: 7924.3062 | O16: 7946.2432 | P16: 7980.2357 | Q16: 8014.386 | R16: 8048.9683 | S16: 8084.3805 | T16: 8120.586 | U16: 8157.5717 | V16: 8195.3181
J17: RAPS | K17: 1686.89 | L17: 1737.4967 | M17: 1820.8227 | N17: 1843.7989 | O17: 1866.9751 | P17: 1890.4577 | Q17: 1914.2438 | R17: 1938.7441 | S17: 1963.9842 | T17: 1990.0067 | U17: 2016.8316 | V17: 2044.4877
J18: RAPO | K18: 760.5 | L18: 772.2 | M18: 797.71972 | N18: 803.97757 | O18: 809.89853 | P18: 815.43042 | Q18: 820.63494 | R18: 825.25005 | S18: 830.06632 | T18: 834.40369 | U18: 838.26497 | V18: 841.66417
J19: RAPM | K19: 1150.7 | L19: 1168.4 | M19: 1248.4027 | N19: 1248.307 | O19: 1250.21 | P19: 1253.0407 | Q19: 1255.9031 | R19: 1258.8486 | S19: 1261.938 | T19: 1265.1638 | U19: 1268.5231 | V19: 1272.0115
... J36: OTGR | K36: 3814.2 | L36: 3812.2 | M36: 3819.1547 | N36: 3826.3426 | O36: 3833.8015 | P36: 3841.5851 | Q36: 3849.3889 | R36: 3857.1971 | S36: 3865.0119 | T36: 3872.8361 | U36: 3880.6713 | V36: 3888.5194

Sheet AREAX
K6: BASE | L6: BASE | M6: BASE | N6: BASE | O6: BASE | P6: BASE | Q6: BASE | R6: BASE | S6: BASE | T6: BASE | U6: BASE | V6: BASE
K7: 2024 | L7: 2025 | M7: 2026 | N7: 2027 | O7: 2028 | P7: 2029 | Q7: 2030 | R7: 2031 | S7: 2032 | T7: 2033 | U7: 2034 | V7: 2035
J8: RICE | K8: 2900.69 | L8: 2901.22 | M8: 2899.6812 | N8: 2898.2505 | O8: 2896.8979 | P8: 2895.4794 | Q8: 2894.0518 | R8: 2892.6961 | S8: 2891.4087 | T8: 2890.186 | U8: 2889.0249 | V8: 2887.9221
J9: WHEA | K9: 2358.74 | L9: 2358.18 | M9: 2356.4315 | N9: 2354.7787 | O9: 2353.2059 | P9: 2351.7623 | Q9: 2350.5589 | R9: 2349.4157 | S9: 2348.3299 | T9: 2347.2985 | U9: 2346.3187 | V9: 2345.388
J10: MAIZ | K10: 4474.1 | L10: 4493.333 | M10: 4490.2708 | N10: 4487.004 | O10: 4483.7527 | P10: 4480.1736 | Q10: 4476.5214 | R10: 4473.0538 | S10: 4469.7614 | T10: 4466.6352 | U10: 4463.6668 | V10: 4460.848
J11: POTA | K11: 470 | L11: 453.18 | M11: 453.28764 | N11: 453.39361 | O11: 453.49483 | P11: 453.60374 | Q11: 453.70651 | R11: 453.80415 | S11: 453.89689 | T11: 453.985 | U11: 454.06869 | V11: 454.14819
J12: SORG | K12: 69.2 | L12: 69 | M12: 69.045052 | N12: 69.09051 | O12: 69.136253 | P12: 69.182392 | Q12: 69.228561 | R12: 69.272467 | S12: 69.314219 | T12: 69.35392 | U12: 69.391669 | V12: 69.427561
J13: BARL | K13: 50 | L13: 56 | M13: 55.968776 | N13: 55.937178 | O13: 55.90516 | P13: 55.872708 | Q13: 55.840274 | R13: 55.809462 | S13: 55.78019 | T13: 55.752382 | U13: 55.725964 | V13: 55.700867
J14: SOYS | K14: 1033.333 | L14: 1026 | M14: 1045.4271 | N14: 1065.2319 | O14: 1085.4085 | P14: 1105.9983 | Q14: 1126.9788 | R14: 1148.3587 | S14: 1170.1458 | T14: 1192.3478 | U14: 1214.9724 | V14: 1238.0278
J15: RAPS | K15: 799.323 | L15: 815.30946 | M15: 846.06783 | N15: 848.39453 | O15: 850.6837 | P15: 852.94516 | Q15: 855.18362 | R15: 857.52938 | S15: 859.97821 | T15: 862.52611 | U15: 865.16931 | V15: 867.90423
J16: GRDS | K16: 485 | L16: 495 | M16: 495.92137 | N16: 496.85602 | O16: 497.80214 | P16: 498.76943 | Q16: 499.73012 | R16: 500.64465 | S16: 501.51515 | T16: 502.34366 | U16: 503.13214 | V16: 503.88244
J17: COTT | K17: 283.83 | L17: 297.92 | M17: 297.57697 | N17: 297.23469 | O17: 296.89296 | P17: 296.55449 | Q17: 296.21673 | R17: 295.88835 | S17: 295.56899 | T17: 295.25839 | U17: 294.9562 | V17: 294.66211
J18: SUGC | K18: 109.5 | L18: 118.9 | M18: 119.2369 | N18: 119.57242 | O18: 119.90552 | P18: 120.23421 | Q18: 120.56323 | R18: 120.89002 | S18: 121.2145 | T18: 121.53649 | U18: 121.85597 | V18: 122.17287
J19: SUGB | K19: 16.7 | L19: 21.7 | M19: 21.730443 | N19: 21.760429 | O19: 21.789736 | P19: 21.817976 | Q19: 21.846256 | R19: 21.873058 | S19: 21.898452 | T19: 21.922505 | U19: 21.945283 | V19: 21.966847
... J22: OTGR | K22: 1045.837 | L22: 1037.167 | M22: 1036.468 | N22: 1035.8291 | O22: 1035.2601 | P22: 1034.7751 | Q22: 1034.2914 | R22: 1033.8048 | S22: 1033.316 | T22: 1032.8258 | U22: 1032.3345 | V22: 1031.8426

Sheet YILDX
K6: BASE | L6: BASE | M6: BASE | N6: BASE | O6: BASE | P6: BASE | Q6: BASE | R6: BASE | S6: BASE | T6: BASE | U6: BASE | V6: BASE
K7: 2024 | L7: 2025 | M7: 2026 | N7: 2027 | O7: 2028 | P7: 2029 | Q7: 2030 | R7: 2031 | S7: 2032 | T7: 2033 | U7: 2034 | V7: 2035
J8: RICE | K8: 7.154677 | L8: 7.2052792 | M8: 7.2299166 | N8: 7.2547175 | O8: 7.2797223 | P8: 7.3048594 | Q8: 7.3301534 | R8: 7.3556305 | S8: 7.3813127 | T8: 7.4072362 | U8: 7.4334142 | V8: 7.4598671
J9: WHEA | K9: 5.9395694 | L9: 5.939835 | M9: 5.9519049 | N9: 5.9641764 | O9: 5.9767694 | P9: 5.9899427 | Q9: 6.0037819 | R9: 6.0179772 | S9: 6.0325981 | T9: 6.0477599 | U9: 6.0635032 | V9: 6.0798913
J10: MAIZ | K10: 6.5917168 | L10: 6.7040435 | M10: 6.7432995 | N10: 6.7827815 | O10: 6.8227984 | P10: 6.8632248 | Q10: 6.9041549 | R10: 6.9456452 | S10: 6.9877834 | T10: 7.030712 | U10: 7.0744877 | V10: 7.1191947
J11: POTA | K11: 20.212766 | L11: 21.733836 | M11: 21.761639 | N11: 21.789748 | O11: 21.818572 | P11: 21.848994 | Q11: 21.880296 | R11: 21.91215 | S11: 21.944834 | T11: 21.978795 | U11: 22.014201 | V11: 22.051302
J12: SORG | K12: 4.5578035 | L12: 4.6376812 | M12: 4.6362447 | N12: 4.6348691 | O12: 4.633626 | P12: 4.6326689 | Q12: 4.6318891 | R12: 4.6308966 | S12: 4.6297659 | T12: 4.628605 | U12: 4.6274627 | V12: 4.6264034
J13: BARL | K13: 4 | L13: 4.1071429 | M13: 4.1034403 | N13: 4.0997739 | O13: 4.0962082 | P13: 4.092883 | Q13: 4.089717 | R13: 4.0864884 | S13: 4.0832569 | T13: 4.0801119 | U13: 4.0770907 | V13: 4.0742445
J14: SOYS | K14: 1.9983877 | L14: 2.0380117 | M14: 2.1119202 | N14: 2.1885377 | O14: 2.2680086 | P14: 2.3505372 | Q14: 2.436162 | R14: 2.4763931 | S14: 2.5173649 | T14: 2.5591442 | U14: 2.6017687 | V14: 2.6452872
J15: RAPS | K15: 2.1103984 | L15: 2.1310886 | M15: 2.1521001 | N15: 2.1732801 | O15: 2.1946761 | P15: 2.2163883 | Q15: 2.2384009 | R15: 2.2608485 | S15: 2.2837604 | T15: 2.3071843 | U15: 2.3311409 | V15: 2.3556604
J16: GRDS | K16: 3.9175258 | L16: 3.85 | M16: 3.8687536 | N16: 3.8876882 | O16: 3.9068868 | P16: 3.9265214 | Q16: 3.9464055 | R16: 3.9662581 | S16: 3.9861393 | T16: 4.0061394 | U16: 4.0262993 | V16: 4.0466748
J17: COTT | K17: 2.1717225 | L17: 2.2291219 | M17: 2.2301311 | N17: 2.2311851 | O17: 2.2323204 | P17: 2.2336088 | Q17: 2.2349835 | R17: 2.2362799 | S17: 2.2375328 | T17: 2.2387931 | U17: 2.2400833 | V17: 2.2414338
J18: SUGC | K18: 8.0547945 | L18: 8.0740118 | M18: 8.0799163 | N18: 8.0858421 | O18: 8.0918541 | P18: 8.0980959 | Q18: 8.1046163 | R18: 8.1104215 | S18: 8.1156442 | T18: 8.1204687 | U18: 8.1249871 | V18: 8.1293156
J19: SUGB | K19: 6.8263473 | L19: 7.1889401 | M19: 7.1816703 | N19: 7.1744037 | O19: 7.1671972 | P19: 7.1601788 | Q19: 7.153441 | R19: 7.1459486 | S19: 7.1378399 | T19: 7.1293031 | U19: 7.1204338 | V19: 7.1113507
... J22: OTGR | K22: 3.647031 | L22: 3.6755894 | M22: 3.6847783 | N22: 3.6939903 | O22: 3.7032253 | P22: 3.7124833 | Q22: 3.7217645 | R22: 3.7310689 | S22: 3.7403966 | T22: 3.7497476 | U22: 3.759122 | V22: 3.7685198

Sheet NIMPX
K6: BASE | L6: BASE | M6: BASE | N6: BASE | O6: BASE | P6: BASE | Q6: BASE | R6: BASE | S6: BASE | T6: BASE | U6: BASE | V6: BASE
K7: 2024 | L7: 2025 | M7: 2026 | N7: 2027 | O7: 2028 | P7: 2029 | Q7: 2030 | R7: 2031 | S7: 2032 | T7: 2033 | U7: 2034 | V7: 2035
J8: RICE | K8: 78.57 | L8: 202.86 | M8: 340.3618 | N8: 319.05859 | O8: 260.84719 | P8: 210.91325 | Q8: 169.13118 | R8: 133.31877 | S8: 110.5182 | T8: 94.028241 | U8: 83.551563 | V8: 79.582612
J9: WHEA | K9: 1106.26 | L9: 384.72 | M9: 328.98935 | N9: 280.08297 | O9: 237.12298 | P9: 197.44436 | Q9: 158.87565 | R9: 122.99004 | S9: 93.675424 | T9: 66.894266 | U9: 42.440769 | V9: 20.496204
J10: MAIZ | K10: 1363 | L10: 264.31 | M10: 266.04515 | N10: 499.47185 | O10: 523.23147 | P10: 512.93297 | Q10: 485.92462 | R10: 445.71012 | S10: 398.07684 | T10: 343.63681 | U10: 281.86043 | V10: 212.606
J11: SORG | K11: 865.35725 | L11: 454.13295 | M11: 454.94281 | N11: 455.04129 | O11: 455.40871 | P11: 455.7961 | Q11: 456.06737 | R11: 456.25991 | S11: 456.6439 | T11: 456.96276 | U11: 457.20782 | V11: 457.37816
J12: BARL | K12: 1424 | L12: 1050 | M12: 1055.783 | N12: 1060.6803 | O12: 1066.0213 | P12: 1071.4953 | Q12: 1076.9082 | R12: 1082.2361 | S12: 1087.5696 | T12: 1092.8584 | U12: 1098.0792 | V12: 1103.2247
J13: SOYS | K13: 10497 | L13: 11176.2 | M13: 10687.717 | N13: 10467.938 | O13: 10306.687 | P13: 10174.889 | Q13: 10049.852 | R13: 9974.6287 | S13: 9905.8241 | T13: 9839.7829 | U13: 9774.7808 | V13: 9709.5755
J14: SOYO | K14: 27
J15: SOYM | M15: 118.53972 | N15: 118.46214 | O15: 119.00626 | P15: 119.8494 | Q15: 120.69646 | R15: 121.55423 | S15: 122.43258 | T15: 123.33061 | U15: 124.24799 | V15: 125.18424
J16: RAPS | K16: 638.56 | L16: 250.33 | M16: 317.8673 | N16: 294.83123 | O16: 275.00701 | P16: 256.46108 | Q16: 237.66707 | R16: 218.30386 | S16: 198.44975 | T16: 178.04952 | U16: 157.07828 | V16: 135.50006
J17: RAPO | K17: 173 | L17: 208.56 | M17: 188.68416 | N17: 188.52824 | O17: 188.38071 | P17: 188.24288 | Q17: 188.1132 | R17: 187.99821 | S17: 187.87821 | T17: 187.77014 | U17: 187.67394 | V17: 187.58924
J18: RAPM | K18: 299 | L18: 276.72 | M18: 194.37821 | N18: 194.38452 | O18: 194.259 | P18: 194.07229 | Q18: 193.88349 | R18: 193.68922 | S18: 193.48545 | T18: 193.27268 | U18: 193.05111 | V18: 192.82102
J19: GRDS | K19: 61.49 | L19: 5.19
J20: GRDO | K20: 24.45 | L20: 39.09 | M20: 38.165907 | N20: 38.155011 | O20: 38.145264 | P20: 38.136627 | Q20: 38.128878 | R20: 38.122144 | S20: 38.115318 | T20: 38.109205 | U20: 38.103808 | V20: 38.099083
J21: GRDM | K21: 3.3
J22: COTT | K22: 260.8 | L22: 104 | M22: 135.81027 | N22: 140.96446 | O22: 145.96973 | P22: 150.80126 | Q22: 155.54358 | R22: 160.19216 | S22: 164.79045 | T22: 169.30297 | U22: 173.70387 | V22: 177.98103
J23: SUGA | K23: 460 | L23: 446 | M23: 452.72873 | N23: 458.90657 | O23: 464.46544 | P23: 469.43814 | Q23: 473.92233 | R23: 477.98944 | S23: 482.14919 | T23: 485.99465 | U23: 489.48767 | V23: 492.63318
J24: FRTO | K24: 109.86 | L24: 330.81 | M24: 372.87661 | N24: 402.53215 | O24: 418.15205 | P24: 419.89348 | Q24: 408.79999 | R24: 387.38134 | S24: 367.84062 | T24: 339.12019 | U24: 301.37262 | V24: 255.1776
J25: PIGM | K25: 104.54 | L25: 93.04 | M25: 87.233062 | N25: 89.825841 | O25: 91.970602 | P25: 93.488394 | Q25: 93.983485 | R25: 95.62475 | S25: 99.006689 | T25: 101.47802 | U25: 103.02699 | V25: 103.75225
J26: CATM | K26: 287.41 | L26: 279.88 | M26: 271.33598 | N26: 275.50271 | O26: 281.66326 | P26: 285.95104 | Q26: 289.5165 | R26: 292.48753 | S26: 296.03869 | T26: 299.29127 | U26: 302.21297 | V26: 304.79445
J27: SHGM | K27: 36.53 | L27: 33.678 | M27: 34.078966 | N27: 34.523358 | O27: 34.550679 | P27: 34.130735 | Q27: 33.35371 | R27: 32.219029 | S27: 31.376215 | T27: 30.344358 | U27: 29.102164 | V27: 27.64488
J28: CHKM | K28: 20.586788 | N28: 6.2737158 | O28: 15.135268 | P28: 21.911502 | Q28: 26.657607 | R28: 29.000313 | S28: 32.618933 | T28: 34.854647 | U28: 35.575283 | V28: 34.795175
J29: MILK | K29: 1558.3 | L29: 1590.8 | M29: 1595.0259 | N29: 1597.9524 | O29: 1596.0095 | P29: 1589.51 | Q29: 1579.0635 | R29: 1564.5762 | S29: 1550.8758 | T29: 1534.809 | U29: 1516.1101 | V29: 1494.8185
J30: FISH | K30: 269 | L30: 249.35 | M30: 274.50039 | N30: 298.69377 | O30: 319.76294 | P30: 337.55316 | Q30: 352.6531 | R30: 365.85428 | S30: 380.76767 | T30: 394.72107 | U30: 407.56701 | V30: 419.32602
J31: OTGR | K31: 192.81275 | L31: 195.07705 | M31: 198.0591 | N31: 194.69939 | O31: 194.88269 | P31: 196.41483 | Q31: 197.90626 | R31: 199.45058 | S31: 201.29936 | T31: 203.33813 | U31: 205.53664 | V31: 207.88125

Sheet TODMX
K6: BASE | L6: BASE | M6: BASE | N6: BASE | O6: BASE | P6: BASE | Q6: BASE | R6: BASE | S6: BASE | T6: BASE | U6: BASE | V6: BASE
K7: 2024 | L7: 2025 | M7: 2026 | N7: 2027 | O7: 2028 | P7: 2029 | Q7: 2030 | R7: 2031 | S7: 2032 | T7: 2033 | U7: 2034 | V7: 2035
J8: RICE | K8: 20832.07 | L8: 21106.96 | M8: 21304.815 | N8: 21345.047 | O8: 21349.459 | P8: 21361.983 | Q8: 21382.975 | R8: 21410.923 | S8: 21452.91 | T8: 21502.319 | U8: 21558.87 | V8: 21623.098
J9: WHEA | K9: 15116.16 | L9: 14391.92 | M9: 14354.245 | N9: 14324.399 | O9: 14301.692 | P9: 14284.366 | Q9: 14271.119 | R9: 14261.72 | S9: 14260.206 | T9: 14262.792 | U9: 14269.352 | V9: 14280.201
J10: MAIZ | K10: 30855 | L10: 30387.81 | M10: 30545.286 | N10: 30933.839 | O10: 31114.972 | P10: 31261.372 | Q10: 31392.522 | R10: 31513.955 | S10: 31631.802 | T10: 31747.263 | U10: 31860.016 | V10: 31970.252
J11: POTA | K11: 9500 | L11: 9864.04 | M11: 9864.2819 | N11: 9879.3324 | O11: 9894.6094 | P11: 9910.7854 | Q11: 9927.2329 | R11: 9943.8243 | S11: 9960.6922 | T11: 9978.0433 | U11: 9995.9595 | V11: 10014.559
J12: SORG | K12: 1180.7573 | L12: 774.13295 | M12: 775.05257 | N12: 775.26676 | O12: 775.76026 | P12: 776.29521 | Q12: 776.72639 | R12: 777.05354 | S12: 777.55251 | T12: 777.97467 | U12: 778.31518 | V12: 778.57806
J13: BARL | K13: 1624 | L13: 1280 | M13: 1285.4475 | N13: 1290.0101 | O13: 1295.0205 | P13: 1300.1757 | Q13: 1305.2791 | R13: 1310.3008 | S13: 1315.3345 | T13: 1320.3343 | U13: 1325.279 | V13: 1330.1636
J14: SOYS | K14: 12562 | L14: 13267.2 | M14: 12895.576 | N14: 12799.238 | O14: 12768.403 | P14: 12774.58 | Q14: 12795.354 | R14: 12818.416 | S14: 12851.508 | T14: 12891.173 | U14: 12935.858 | V14: 12984.515
J15: SOYO | K15: 1817 | L15: 1871 | M15: 1876.9205 | N15: 1883.3666 | O15: 1889.0787 | P15: 1893.9642 | Q15: 1898.2203 | R15: 1901.6318 | S15: 1905.6286 | T15: 1908.9666 | U15: 1911.6465 | V15: 1913.6889
J16: SOYM | K16: 7729.4 | L16: 8100 | M16: 8045.9737 | N16: 8042.7683 | O16: 8065.2495 | P16: 8100.0851 | Q16: 8135.0825 | R16: 8170.5225 | S16: 8206.8131 | T16: 8243.9166 | U16: 8281.8197 | V16: 8320.5023
J17: RAPS | K17: 2325.45 | L17: 1987.8267 | M17: 2138.69 | N17: 2138.6302 | O17: 2141.9822 | P17: 2146.9187 | Q17: 2151.9109 | R17: 2157.0479 | S17: 2162.4339 | T17: 2168.0562 | U17: 2173.9099 | V17: 2179.9877
J18: RAPO | K18: 933.5 | L18: 980.76 | M18: 986.40388 | N18: 992.50581 | O18: 998.27924 | P18: 1003.6733 | Q18: 1008.7481 | R18: 1013.2483 | S18: 1017.9445 | T18: 1022.1738 | U18: 1025.9389 | V18: 1029.2534
J19: RAPM | K19: 1449.7 | L19: 1445.12 | M19: 1442.7809 | N19: 1442.6915 | O19: 1444.469 | P19: 1447.113 | Q19: 1449.7866 | R19: 1452.5378 | S19: 1455.4235 | T19: 1458.4365 | U19: 1461.5742 | V19: 1464.8326
... J36: OTGR | K36: 4007.0127 | L36: 4007.277 | M36: 4017.2138 | N36: 4021.042 | O36: 4028.6842 | P36: 4037.9999 | Q36: 4047.2951 | R36: 4056.6477 | S36: 4066.3112 | T36: 4076.1742 | U36: 4086.208 | V36: 4096.4007

Sheet FOODX
K4: =K15+K18+K16 -> 3108.5
K6: BASE | L6: BASE | M6: BASE | N6: BASE | O6: BASE | P6: BASE | Q6: BASE | R6: BASE | S6: BASE | T6: BASE | U6: BASE | V6: BASE
K7: 2024 | L7: 2025 | M7: 2026 | N7: 2027 | O7: 2028 | P7: 2029 | Q7: 2030 | R7: 2031 | S7: 2032 | T7: 2033 | U7: 2034 | V7: 2035
J8: RICE | K8: 15650 | L8: 15550 | M8: 15405.113 | N8: 15259.805 | O8: 15115.694 | P8: 14974.105 | Q8: 14834.303 | R8: 14695.472 | S8: 14564.046 | T8: 14432.782 | U8: 14301.499 | V8: 14170.548
J9: WHEA | K9: 9100 | L9: 8850 | M9: 8763.6337 | N9: 8677.3292 | O9: 8592.049 | P9: 8507.5012 | Q9: 8423.2983 | R9: 8339.782 | S9: 8260.6142 | T9: 8181.7041 | U9: 8102.9552 | V9: 8024.576
J10: MAIZ | K10: 1890 | L10: 1920 | M10: 1911.6125 | N10: 1903.2062 | O10: 1894.6268 | P10: 1885.9599 | Q10: 1877.1672 | R10: 1868.0877 | S10: 1859.7493 | T10: 1851.121 | U10: 1842.1957 | V10: 1833.0085
J11: POTA | K11: 6081.92 | L11: 6291.84 | M11: 6275.8686 | N11: 6260.1904 | O11: 6243.811 | P11: 6226.2625 | Q11: 6208.0967 | R11: 6188.7208 | S11: 6172.0845 | T11: 6154.4212 | U11: 6135.6713 | V11: 6115.9007
J12: SORG | K12: 600 | L12: 400 | M12: 400.27749 | N12: 400.48636 | O12: 400.55286 | P12: 400.46257 | Q12: 400.25997 | R12: 399.94006 | S12: 399.76491 | T12: 399.48628 | U12: 399.09936 | V12: 398.60828
J13: BARL | K13: 89.32 | L13: 38.4 | M13: 38.213672 | N13: 38.035769 | O13: 37.859931 | P13: 37.683954 | Q13: 37.509036 | R13: 37.332858 | S13: 37.178319 | T13: 37.022402 | U13: 36.864446 | V13: 36.704437
J14: SOYS | K14: 1675 | L14: 1700 | M14: 1707.028 | N14: 1713.8472 | O14: 1719.8721 | P14: 1725.0496 | Q14: 1729.5765 | R14: 1733.1845 | S14: 1737.2886 | T14: 1740.7098 | U14: 1743.4343 | V14: 1745.4946
J15: SOYO | K15: 1798 | L15: 1848.74 | M15: 1855.3505 | N15: 1861.7966 | O15: 1867.5087 | P15: 1872.3942 | Q15: 1876.6503 | R15: 1880.0618 | S15: 1884.0586 | T15: 1887.3966 | U15: 1890.0765 | V15: 1892.1189
J16: RAPO | K16: 990.5 | L16: 1000 | M16: 1006.2797 | N16: 1012.5376 | O16: 1018.4585 | P16: 1023.9904 | Q16: 1029.1949 | R16: 1033.8101 | S16: 1038.6263 | T16: 1042.9637 | U16: 1046.825 | V16: 1050.2242
J17: GRDS | K17: 802.5 | L17: 835 | M17: 849.38863 | N17: 863.99358 | O17: 877.98723 | P17: 891.30697 | Q17: 904.18087 | R17: 916.30096 | S17: 928.85597 | T17: 940.97048 | U17: 952.60384 | V17: 963.74829
J18: GRDO | K18: 320 | L18: 360 | M18: 364.04587 | N18: 367.87717 | O18: 371.30479 | P18: 374.34192 | Q18: 377.06706 | R18: 379.43503 | S18: 381.83516 | T18: 383.98486 | U18: 385.88271 | V18: 387.54439
J19: SUGA | K19: 619.99 | L19: 710.1 | M19: 711.65861 | N19: 712.83002 | O19: 713.55982 | P19: 713.86047 | Q19: 713.78105 | R19: 713.32102 | S19: 712.93297 | T19: 712.22328 | U19: 711.20908 | V19: 709.91759
... J29: OTGR | K29: 164.53224 | L29: 124.22388 | M29: 123.74203 | N29: 123.25871 | O29: 122.75371 | P29: 122.22232 | Q29: 121.67704 | R29: 121.11667 | S29: 120.61828 | T29: 120.10788 | U29: 119.58401 | V29: 119.04782

Sheet PFODX
K4: =K22+K23+K24+K25 -> 59.621556 | L4: =L22+L23+L24+L25 -> 61.712169 | M4: =M22+M23+M24+M25 -> 61.739575 | N4: =N22+N23+N24+N25 -> 61.788552 | O4: =O22+O23+O24+O25 -> 62.003738 | P4: =P22+P23+P24+P25 -> 62.282608 | Q4: =Q22+Q23+Q24+Q25 -> 62.557614 | R4: =R22+R23+R24+R25 -> 62.829331 | ... BL4: =BL22+BL23+BL24+BL25 -> 0
H5: sim1动态弹性 | K5: =K18+K15+K16 -> 22.073025 | M5: =M15+M18+M16 -> 22.984773 | P5: =P15+P18+P16 -> 23.44852
H6: sim2高人口 | K6: BASE | L6: BASE | M6: BASE | N6: BASE | O6: BASE | P6: BASE | Q6: BASE | R6: BASE | S6: BASE | T6: BASE | U6: BASE | V6: BASE
D7: 能量 | E7: 蛋白质 | F7: 脂肪 | G7: 碳水化合物 | H7: 可食比例 | K7: 2024 | L7: 2025 | M7: 2026 | N7: 2027 | O7: 2028 | P7: 2029 | Q7: 2030 | R7: 2031 | S7: 2032 | T7: 2033 | U7: 2034 | V7: 2035
B8: RICE | C8: 稻谷 | D8: 242.9 | E8: 5.18 | F8: 0.56 | G8: 54.53 | H8: 70 | J8: RICE | K8: 111.12847 | L8: 110.68482 | M8: 109.77017 | N8: 108.90481 | O8: 108.0971 | P8: 107.35248 | Q8: 106.66086 | R8: 106.01542 | S8: 105.40339 | T8: 104.82685 | U8: 104.28236 | V8: 103.7679
B9: WHEA | C9: 小麦 | D9: 244.3 | E9: 7.84 | F9: 1.05 | G9: 51.52 | H9: 70 | J9: WHEA | K9: 64.617832 | L9: 62.994256 | M9: 62.445863 | N9: 61.92759 | O9: 61.444454 | P9: 60.992051 | Q9: 60.564777 | R9: 60.164485 | S9: 59.783983 | T9: 59.424598 | U9: 59.084383 | V9: 58.76226
B10: MAIZ | C10: 玉米 | D10: 112 | E10: 16.5 | F10: 7.1 | G10: 71 | H10: 46 | J10: MAIZ | K10: 13.420627 | L10: 13.66655 | M10: 13.621324 | N10: 13.582632 | O10: 13.549074 | P10: 13.52084 | Q10: 13.497113 | R10: 13.476676 | S10: 13.459437 | T10: 13.444891 | U10: 13.432753 | V10: 13.42273
B11: POTA | J11: POTA | K11: 43.186866 | L11: 44.785286 | M11: 44.719125 | N11: 44.677169 | O11: 44.651463 | P11: 44.637374 | Q11: 44.637146 | R11: 44.646395 | S11: 44.668809 | T11: 44.700224 | U11: 44.739523 | V11: 44.785438
B12: BARL | C12: 其他粮食 | D12: 228.9 | E12: 2.36 | F12: 0.21 | G12: 58.49 | H12: 94 | J12: SORG | K12: 4.2605164 | L12: 2.847198 | M12: 2.8522043 | N12: 2.8581554 | O12: 2.86448 | P12: 2.8709997 | Q12: 2.8779292 | R12: 2.8852299 | S12: 2.8931915 | T12: 2.9015119 | U12: 2.910116 | V12: 2.9189235
B13: SOYS | C13: 大豆 | D13: 390 | E13: 35 | F13: 16 | G13: 34.2 | H13: 100 | J13: BARL | K13: 0.63424887 | L13: 0.27333101 | M13: 0.2722941 | N13: 0.27145029 | O13: 0.27074832 | P13: 0.27016413 | Q13: 0.26969559 | R13: 0.26932505 | S13: 0.26906813 | T13: 0.2688977 | U13: 0.26880477 | V13: 0.26877877
B14: SOYO | C14: 大豆油 | D14: 899 | E14: 0 | F14: 99.9 | G14: 0 | H14: 100 | J14: SOYS | K14: 11.893942 | L14: 12.100592 | M14: 12.163543 | N14: 12.231232 | O14: 12.299348 | P14: 12.367241 | Q14: 12.435914 | R14: 12.503463 | S14: 12.573161 | T14: 12.642963 | U14: 12.712614 | V14: 12.781885
B15: RAPO | C15: 菜籽油 | D15: 899 | E15: 0 | F15: 99.9 | G15: 0 | H15: 100 | J15: SOYO | K15: 12.767347 | L15: 13.159322 | M15: 13.220425 | N15: 13.287104 | O15: 13.355144 | P15: 13.423584 | Q15: 13.493397 | R15: 13.563058 | S15: 13.63537 | T15: 13.708365 | U15: 13.781886 | V15: 13.855584
B16: GRDS | C16: 花生 | J16: RAPO | K16: 7.0334024 | L16: 7.117995 | M16: 7.170314 | N16: 7.226188 | O16: 7.2833184 | P16: 7.3412009 | Q16: 7.4000659 | R16: 7.4580667 | S16: 7.5167798 | T16: 7.5751577 | U16: 7.633142 | V16: 7.6905678
B17: GRDO | C17: 花生油 | D17: 899 | E17: 0 | F17: 99.9 | G17: 0 | H17: 100 | J17: GRDS | K17: 5.6984407 | L17: 5.9435258 | M17: 6.052376 | N17: 6.1660724 | O17: 6.2787638 | P17: 6.3899656 | Q17: 6.5011959 | R17: 6.6103377 | S17: 6.7223463 | T17: 6.83437 | U17: 6.9461091 | V17: 7.0573234
B18: SUGA | C18: 食糖 | D18: 400 | G18: 99.9 | H18: 100 | J18: GRDO | K18: 2.2722754 | L18: 2.5624782 | M18: 2.5940334 | N18: 2.625433 | O18: 2.6553178 | P18: 2.6837353 | Q18: 2.7111687 | R18: 2.7373034 | S18: 2.7634297 | T18: 2.7889234 | U18: 2.813744 | V18: 2.837905
B19: APPL | J19: SUGA | K19: 4.4024626 | L19: 5.0544883 | M19: 5.0709715 | N19: 5.0872618 | O19: 5.1028915 | P19: 5.1178146 | Q19: 5.1321927 | R19: 5.1460089 | S19: 5.1596615 | T19: 5.1729544 | U19: 5.1859289 | V19: 5.1985752
B20: FRTO | C20: 水果 | D20: 53.889 | E20: 0.817 | F20: 0.183 | G20: 12.922 | H20: 82 | J20: FRTO | K20: 116.31186 | L20: 134.30575 | M20: 134.74578 | N20: 135.16616 | O20: 135.5572 | P20: 135.92225 | Q20: 136.26214 | R20: 136.57599 | S20: 136.87668 | T20: 137.16033 | U20: 137.42807 | V20: 137.68118
B21: VEGT | C21: 蔬菜 | D21: 31.348 | E21: 1.746 | F21: 0.267 | G21: 6.252 | H21: 87 | J21: VEGT | K21: 144.96785 | L21: 133.57775 | M21: 134.04167 | N21: 134.50759 | O21: 134.96278 | P21: 135.4054 | Q21: 135.84231 | R21: 136.2641 | S21: 136.68072 | T21: 137.08671 | U21: 137.4821 | V21: 137.86661
B22: PIGM | C22: 猪肉 | D22: 143 | E22: 20.3 | F22: 6.2 | G22: 1.5 | H22: 100 | J22: PIGM | K22: 31.557432 | L22: 32.835311 | M22: 32.640233 | N22: 32.473429 | O22: 32.312046 | P22: 32.154302 | Q22: 31.997553 | R22: 31.84295 | S22: 31.69419 | T22: 31.548267 | U22: 31.404829 | V22: 31.26323
B23: CATM | C23: 牛肉 | D23: 106 | E23: 20.2 | F23: 2.3 | G23: 1.2 | H23: 99 | J23: CATM | K23: 6.7769904 | L23: 6.8874431 | M23: 6.6527205 | N23: 6.5294788 | O23: 6.5707063 | P23: 6.6756658 | Q23: 6.7794346 | R23: 6.8829649 | S23: 6.9909657 | T23: 7.1007013 | U23: 7.2119436 | V23: 7.3244446
B24: SHGM | C24: 羊肉 | D24: 203 | E24: 19 | F24: 14.1 | G24: 0 | H24: 90 | J24: SHGM | K24: 3.5182339 | L24: 3.3622046 | M24: 3.4009374 | N24: 3.4422338 | O24: 3.4828242 | P24: 3.5224863 | Q24: 3.5615901 | R24: 3.6001118 | S24: 3.6407578 | T24: 3.6819375 | U24: 3.7234808 | V24: 3.7652434
B25: CHKM | C25: 鸡肉 | D25: 167 | E25: 19.3 | F25: 9.4 | G25: 1.3 | H25: 66 | J25: CHKM | K25: 17.7689 | L25: 18.62721 | M25: 19.045684 | N25: 19.34341 | O25: 19.638161 | P25: 19.930154 | Q25: 20.219036 | R25: 20.503304 | S25: 20.79819 | T25: 21.095147 | U25: 21.393127 | V25: 21.691588
B26: EGGS | C26: 鸡蛋 | D26: 144 | E26: 13.3 | F26: 8.8 | G26: 2.8 | H26: 88 | J26: EGGS | K26: 16.947173 | L26: 16.37993 | M26: 16.470523 | N26: 16.563015 | O26: 16.65506 | P26: 16.746528 | Q26: 16.836956 | R26: 16.926585 | S26: 17.01738 | T26: 17.108215 | U26: 17.199076 | V26: 17.289858
B27: MILK | C27: 奶 | D27: 54 | E27: 3 | F27: 3.2 | G27: 3.4 | H27: 100 | J27: MILK | K27: 20.407941 | L27: 20.924391 | M27: 21.232989 | N27: 21.550293 | O27: 21.853629 | P27: 22.144384 | Q27: 22.424961 | R27: 22.694567 | S27: 22.974305 | T27: 23.253095 | U27: 23.529681 | V27: 23.803781
B28: FISH | C28: 水产品 | D28: 103 | E28: 16.6 | F28: 3.3 | G28: 1.6 | H28: 59 | J28: FISH | K28: 23.583451 | L28: 25.47685 | M28: 25.672741 | N28: 25.87275 | O28: 26.065079 | P28: 26.248356 | Q28: 26.423119 | R28: 26.595541 | S28: 26.775138 | T28: 26.955996 | U28: 27.137739 | V28: 27.319668
J29: OTGR | K29: 1.1683205 | L29: 0.88422499 | M29: 0.88173219 | N29: 0.87966181 | O29: 0.8778505 | P29: 0.87623731 | Q29: 0.87487616 | R29: 0.87375453 | S29: 0.87294248 | T29: 0.87235648 | U29: 0.87197172 | V29: 0.87176184
C30: 下限 | D30: 上限 | E30: 平均
B31: 油 | C31: 25 | D31: 30 | E31: =(C31+D31)/2 -> 27.5 | F31: =(M14+M17+M15)/(29736/37843) -> 40.006913 | I31: G/DAY
B32: 奶及奶制品 | C32: 300 | D32: 500 | E32: =(C32+D32)/2 -> 400 | F32: =M27 -> 21.232989
B33: 大豆及坚果类 | C33: 25 | D33: 35 | E33: =(C33+D33)/2 -> 30 | F33: =M13 -> 0.2722941
B34: 畜禽肉 | C34: 40 | D34: 75 | E34: =(C34+D34)/2 -> 57.5 | F34: =M22+M23+M24+M25 -> 61.739575
B35: 水产品 | C35: 40 | D35: 75 | E35: =(C35+D35)/2 -> 57.5 | F35: =M28 -> 25.672741
B36: 蛋类 | C36: 40 | D36: 50 | E36: =(C36+D36)/2 -> 45 | F36: =M26 -> 16.470523
B37: 蔬菜类 | C37: 300 | D37: 500 | E37: =(C37+D37)/2 -> 400 | F37: =M21 -> 134.04167
B38: 水果类 | C38: 200 | D38: 350 | E38: =(C38+D38)/2 -> 275 | F38: =M20 -> 134.74578
B39: 谷类 | C39: 200 | D39: 300 | E39: =(C39+D39)/2 -> 250 | F39: =M8+M9+M10+M12 -> 188.68957
B40: 薯类 | C40: 50 | D40: 100 | E40: =(C40+D40)/2 -> 75 | F40: =M11 -> 44.719125
I55: kcal/day
G69: 粮食 | H69: =SUM(M56:M61) -> 0 | I69: =H69/$M$77 -> #DIV/0!
G70: 糖 | H70: =M66 -> 0 | I70: =H70/$M$77 -> #DIV/0!
G71: 蔬菜和水果 | H71: =M68+M69 -> 0 | I71: =H71/$M$77 -> #DIV/0!
G72: 油脂 | H72: =M62+M63+M65 -> 0 | I72: =H72/$M$77 -> #DIV/0!
G73: 肉类 | H73: =(M70+M71+M72+M73+M76) -> 0 | I73: =H73/$M$77 -> #DIV/0!
G74: 奶类和蛋类 | H74: =M74+M75 -> 0 | I74: =H74/$M$77 -> #DIV/0!
I79: pr: g/day
I103: fat: g/day
H120: 植物 | I120: =(M104+M105+M106+M108+M109+M116+M117)/M125*9 -> #DIV/0!
H121: 食用油 | I121: =(M110+M113+M111)/M125*9 -> #DIV/0!
H122: 动物性食物 | I122: =SUM(M118:M124)/M125*9 -> #DIV/0!
I127: ch: g/day
I151: 功能比

Sheet FEEDX
K6: BASE | L6: BASE | M6: BASE | N6: BASE | O6: BASE | P6: BASE | Q6: BASE | R6: BASE | S6: BASE | T6: BASE | U6: BASE | V6: BASE
K7: 2024 | L7: 2025 | M7: 2026 | N7: 2027 | O7: 2028 | P7: 2029 | Q7: 2030 | R7: 2031 | S7: 2032 | T7: 2033 | U7: 2034 | V7: 2035
H8: =N8/L8-1 -> -0.0056237782 | J8: RICE | K8: 1069.86 | L8: 863.84 | M8: 860.54282 | N8: 858.98196 | O8: 857.41669 | P8: 855.64637 | Q8: 853.74897 | R8: 851.778 | S8: 849.84737 | T8: 847.95216 | U8: 846.09008 | V8: 844.25814
H9: =N9/L9-1 -> -0.0082783146 | J9: WHEA | K9: 1440 | L9: 2040 | M9: 2029.2955 | N9: 2023.1122 | O9: 2020.1922 | P9: 2018.7812 | Q9: 2017.3779 | R9: 2016.0474 | S9: 2014.8746 | T9: 2013.8488 | U9: 2012.9656 | V9: 2012.2191
H10: =N10/L10-1 -> 0.0025796846 | J10: MAIZ | K10: 17200 | L10: 19500 | M10: 19543.819 | N10: 19550.304 | O10: 19582.434 | P10: 19626.189 | Q10: 19670.18 | R10: 19715.094 | S10: 19761.889 | T10: 19810.469 | U10: 19860.798 | V10: 19912.823
H11: =N11/L11-1 -> 0.0018670289 | J11: POTA | K11: 570.18 | L11: 589.86 | M11: 590.99837 | N11: 590.96129 | O11: 591.69871 | P11: 592.79563 | Q11: 593.90486 | R11: 595.04626 | S11: 596.24344 | T11: 597.49347 | U11: 598.79521 | V11: 600.14702
H12: =N12/L12-1 -> 0.0018670289 | J12: SORG | K12: 490 | L12: 320 | M12: 320.61757 | N12: 320.59745 | O12: 320.9975 | P12: 321.59259 | Q12: 322.19435 | R12: 322.81356 | S12: 323.46303 | T12: 324.14117 | U12: 324.84737 | V12: 325.58072
H13: =N13/L13-1 -> 0.0018670289 | J13: BARL | K13: 430 | L13: 430 | M13: 430.82986 | N13: 430.80282 | O13: 431.3404 | P13: 432.14004 | Q13: 432.94865 | R13: 433.78072 | S13: 434.65344 | T13: 435.5647 | U13: 436.51365 | V13: 437.4991
H14: =N14/L14-1 -> 0.0032241621 | J14: SOYM | K14: 7540 | L14: 7821 | M14: 7849.3439 | N14: 7846.2162 | O14: 7868.1532 | P14: 7902.1457 | Q14: 7936.296 | R14: 7970.8783 | S14: 8006.2905 | T14: 8042.496 | U14: 8079.4817 | V14: 8117.2281
H15: =N15/L15-1 -> 0.0018670289 | J15: RAPM | K15: 1449.7 | L15: 1522.185 | M15: 1525.1227 | N15: 1525.027 | O15: 1526.93 | P15: 1529.7607 | Q15: 1532.6231 | R15: 1535.5686 | S15: 1538.658 | T15: 1541.8838 | U15: 1545.2431 | V15: 1548.7315
H16: =N16/L16-1 -> -1 | J16: GRDS | K16: 104.8 | L16: 105
H17: =N17/L17-1 -> 0.0018670289 | J17: GRDM | K17: 385 | L17: 402 | M17: 402.77582 | N17: 402.75055 | O17: 403.25311 | P17: 404.00069 | Q17: 404.75665 | R17: 405.53453 | S17: 406.35043 | T17: 407.20235 | U17: 408.0895 | V17: 409.01078
J18: OTGR | K18: 2675.2037 | L18: 3034.4731 | M18: 3040.3293 | N18: 3040.1385 | O18: 3043.9322 | P18: 3049.5752 | Q18: 3055.2815 | R18: 3061.1533 | S18: 3067.312 | T18: 3073.7427 | U18: 3080.4394 | V18: 3087.3936

Sheet PROCX
K6: BASE | L6: BASE | M6: BASE | N6: BASE | O6: BASE | P6: BASE | Q6: BASE | R6: BASE | S6: BASE | T6: BASE | U6: BASE | V6: BASE
K7: 2024 | L7: 2025 | M7: 2026 | N7: 2027 | O7: 2028 | P7: 2029 | Q7: 2030 | R7: 2031 | S7: 2032 | T7: 2033 | U7: 2034 | V7: 2035
J8: RICE | K8: 1780 | L8: 1800 | M8: 1907.7131 | N8: 2021.3924 | O8: 2140.1374 | P8: 2264.3502 | Q8: 2394.9644 | R8: 2531.1207 | S8: 2673.3413 | T8: 2822.2363 | U8: 2977.6986 | V8: 3139.9
J9: WHEA | K9: 1150 | L9: 1000 | M9: 1057.5925 | N9: 1118.2723 | O9: 1181.6272 | P9: 1247.813 | Q9: 1317.2717 | R9: 1389.6523 | S9: 1465.2243 | T9: 1544.2744 | U9: 1626.7676 | V9: 1712.7999
J10: MAIZ | K10: 7750 | L10: 7900 | M10: 7988.9642 | N10: 8077.3944 | O10: 8161.2548 | P10: 8241.2526 | Q10: 8319.5743 | R10: 8392.9707 | S10: 8462.5106 | T10: 8529.1703 | U10: 8592.0455 | V10: 8651.0312
J11: POTA | K11: 950.3 | L11: 983.1 | M11: 1008.084 | N11: 1033.4997 | O11: 1058.8434 | P11: 1084.1608 | Q11: 1109.7555 | R11: 1135.2002 | S11: 1160.623 | T11: 1186.1465 | U11: 1211.6351 | V11: 1237.0603
J12: SORG | K12: 0.9 | L12: 0.9 | M12: 0.9052376 | N12: 0.91042825 | O12: 0.9154779 | P12: 0.92038859 | Q12: 0.92522503 | R12: 0.92995381 | S12: 0.93463526 | T12: 0.93924505 | U12: 0.94376013 | V12: 0.94817581
J13: BARL | K13: 1055.16 | L13: 789.6 | M13: 794.43029 | N13: 799.22415 | O13: 803.89889 | P13: 808.4558 | Q13: 812.95014 | R13: 817.34023 | S13: 821.67943 | T13: 825.94672 | U13: 830.12214 | V13: 834.20188
J14: COTT | K14: 786.4 | L14: 760 | M14: 791.27067 | N14: 795.89865 | O14: 800.40134 | P14: 804.78082 | Q14: 809.09631 | R14: 813.31424 | S14: 817.48749 | T14: 821.59492 | U14: 825.61648 | V14: 829.54818
J15: SUGA | K15: 930 | L15: 867.9 | M15: 876.54348 | N15: 885.17844 | O15: 893.63034 | P15: 901.92091 | Q15: 910.14592 | R15: 918.22807 | S15: 926.24014 | T15: 934.19027 | U15: 942.03455 | V15: 949.76478
J16: SUGC | K16: 882 | L16: 960 | M16: 963.42414 | N16: 966.84374 | O16: 970.25796 | P16: 973.66812 | Q16: 977.11868 | R16: 980.46899 | S16: 983.73378 | T16: 986.93328 | U16: 990.07817 | V16: 993.18178
J17: SUGB | K17: 114 | L17: 156 | M17: 156 | N17: 156 | O17: 156 | P17: 156 | Q17: 156 | R17: 156 | S17: 156 | T17: 156 | U17: 156 | V17: 156
J18: FRTO | K18: 9259.8931 | L18: 9260.9 | M18: 9278.1923 | N18: 9295.1927 | O18: 9311.6585 | P18: 9327.4861 | Q18: 9342.8774 | R18: 9358.1641 | S18: 9373.5624 | T18: 9388.7898 | U18: 9403.7627 | V18: 9418.4281
J19: VEGT | K19: 19231.219 | L19: 23077.463 | M19: 23214.045 | N19: 23348.793 | O19: 23477.009 | P19: 23599.107 | Q19: 23718.127 | R19: 23830.953 | S19: 23939.563 | T19: 24044.236 | U19: 24143.912 | V19: 24238.464
... J24: OTGR | K24: 1095.6103 | L24: 827.1994 | M24: 831.92016 | N24: 836.57987 | O24: 841.08959 | P24: 845.44841 | Q24: 849.73743 | R24: 853.93366 | S24: 858.09226 | T24: 862.19068 | U24: 866.20755 | V24: 870.13836

Sheet SEED
K6: BASE | L6: BASE | M6: BASE | N6: BASE | O6: BASE | P6: SIM1 | Q6: SIM1 | R6: SIM1 | S6: SIM1 | T6: SIM1 | U6: SIM2 | V6: SIM2 | W6: SIM2 | X6: SIM2 | Y6: SIM2 | Z6: SIM3 | AA6: SIM3 | AB6: SIM3 | AC6: SIM3 | AD6: SIM3 | AE6: SIM4 | AF6: SIM4 | AG6: SIM4 | AH6: SIM4 | AI6: SIM4
K7: 2018 | L7: 2020 | M7: 2021 | N7: 2022 | O7: 2023 | P7: 2018 | Q7: 2020 | R7: 2021 | S7: 2022 | T7: 2023 | U7: 2018 | V7: 2020 | W7: 2021 | X7: 2022 | Y7: 2023 | Z7: 2018 | AA7: 2020 | AB7: 2021 | AC7: 2022 | AD7: 2023 | AE7: 2018 | AF7: 2020 | AG7: 2021 | AH7: 2022 | AI7: 2023
J8: WHEA | AC8: 10 | AD8: 10
J9: POTA | K9: 11.7 | L9: 23.3 | M9: 32.7 | N9: 32.640029 | O9: 18.029175 | P9: 11.7 | Q9: 23.3 | R9: 32.7 | U9: 11.7 | V9: 23.3 | W9: 32.7 | Z9: 11.7 | AA9: 23.3 | AB9: 32.7 | AE9: 11.7 | AF9: 23.3 | AG9: 32.7
J10: SOYM | K10: 111.12642 | L10: 894 | M10: 81.2332 | P10: 111.12642 | Q10: 894 | R10: 81.2332 | U10: 111.12642 | V10: 894 | W10: 81.2332 | Z10: 111.12642 | AA10: 894 | AB10: 81.2332 | AE10: 111.12642 | AF10: 894 | AG10: 81.2332
J11: GRDS | K11: 18 | P11: 18 | U11: 18 | Z11: 18 | AE11: 18
J12: GRDM | T12: 14.595788 | Y12: 37.989207 | AD12: 39.814099 | AH12: 0.36990433 | AI12: 43.875583
J13: SUGC | N13: 13.14469
J14: SUGB | N14: 1.8319338
J15: APPL | K15: 554.39838 | L15: 566.15 | M15: 566.15 | N15: 567.63837 | O15: 574.60576 | P15: 554.39838 | Q15: 566.15 | R15: 566.15 | S15: 494.81203 | T15: 508.62083 | U15: 554.39838 | V15: 566.15 | W15: 566.15 | X15: 426.51593 | Y15: 450.06506 | Z15: 554.39838 | AA15: 566.15 | AB15: 566.15 | AC15: 428.71339 | AD15: 455.93285 | AE15: 554.39838 | AF15: 566.15 | AG15: 566.15 | AH15: 400.75148 | AI15: 423.16773
J16: VEGT | K16: 1388.1 | L16: 1541.5918 | M16: 1545.09 | N16: 1420.9126 | O16: 1289.0662 | P16: 1388.1 | Q16: 1541.5918 | R16: 1545.09 | U16: 1388.1 | V16: 1541.5918 | W16: 1545.09 | Z16: 1388.1 | AA16: 1541.5918 | AB16: 1545.09 | AE16: 1388.1 | AF16: 1541.5918 | AG16: 1545.09
J17: CHKM | X17: 25.04 | Y17: 25.04 | AC17: 48.04 | AD17: 48.04
J18: EGGS | K18: 10 | L18: 8.998 | M18: 10 | N18: 9.6628938 | O18: 7.2888705 | P18: 10 | Q18: 8.998 | R18: 10 | U18: 10 | V18: 8.998 | W18: 10 | Z18: 10 | AA18: 8.998 | AB18: 10 | AE18: 10 | AF18: 8.998 | AG18: 10

Sheet WASTX
K6: BASE | L6: BASE | M6: BASE | N6: BASE | O6: BASE | P6: BASE | Q6: BASE | R6: BASE | S6: BASE | T6: BASE | U6: BASE | V6: BASE
K7: 2024 | L7: 2025 | M7: 2026 | N7: 2027 | O7: 2028 | P7: 2029 | Q7: 2030 | R7: 2031 | S7: 2032 | T7: 2033 | U7: 2034 | V7: 2035
J8: RICE | K8: 830.14 | L8: 836.164 | M8: 838.57813 | N8: 841.03955 | O8: 843.54449 | P8: 846.04281 | Q8: 848.55376 | R8: 851.10416 | S8: 853.69567 | T8: 856.33162 | U8: 859.01274 | V8: 861.7406
J9: WHEA | K9: 560 | L9: 560 | M9: 560.72187 | N9: 561.48387 | O9: 562.29358 | P9: 563.18723 | Q9: 564.19956 | R9: 565.25851 | S9: 566.36994 | T9: 567.54402 | U9: 568.78392 | V9: 570.09498
J10: MAIZ | K10: 1474.6 | L10: 1506.175 | M10: 1513.9621 | N10: 1521.7184 | O10: 1529.587 | P10: 1537.4219 | Q10: 1545.3299 | R10: 1553.4122 | S10: 1561.6862 | T10: 1570.1813 | U10: 1578.9078 | V10: 1587.8823
J11: POTA | K11: 987.33 | L11: 1015.43 | M11: 1016.9705 | N11: 1018.5221 | O11: 1020.0971 | P11: 1021.7648 | Q11: 1023.4605 | R11: 1025.171 | S11: 1026.91 | T11: 1028.6988 | U11: 1030.5459 | V11: 1032.4635
J12: SORG | K12: 75.11 | L12: 45 | M12: 45.015435 | N12: 45.031706 | O12: 45.049436 | P12: 45.070188 | Q12: 45.092674 | R12: 45.111604 | S12: 45.127773 | T12: 45.142299 | U12: 45.155722 | V12: 45.168736
J13: BARL | K13: 81.2 | L13: 25.6 | M13: 25.562661 | N13: 25.525402 | O13: 25.488604 | P13: 25.453129 | Q13: 25.418676 | R13: 25.384595 | S13: 25.351218 | T13: 25.319063 | U13: 25.288326 | V13: 25.259292
J14: SOYS | K14: 125.68 | L14: 132.743 | M14: 140.16153 | N14: 147.99798 | O14: 156.27716 | P14: 165.03619 | Q14: 174.29282 | R14: 180.53223 | S14: 187.00093 | T14: 193.71145 | U14: 200.67474 | V14: 207.90303
J15: FRTO | K15: 8970.0007 | L15: 4201.43 | M15: 4203.9886 | N15: 4206.5159 | O15: 4209.0621 | P15: 4211.7366 | Q15: 4214.5385 | R15: 4217.1301 | S15: 4219.5667 | T15: 4221.9278 | U15: 4224.2505 | V15: 4226.5834
J16: VEGT | K16: 21528.495 | L16: 21550.023 | M16: 21599.858 | N16: 21650.136 | O16: 21701.522 | P16: 21755.753 | Q16: 21811.215 | R16: 21865.083 | S16: 21917.962 | T16: 21970.742 | U16: 22023.829 | V16: 22077.763
J17: PIGM | K17: 290.96 | L17: 301.38 | M17: 283.71391 | N17: 267.83803 | O17: 252.83411 | P17: 238.6577 | Q17: 225.27374 | R17: 214.88344 | S17: 204.97604 | T17: 195.52775 | U17: 186.51666 | V17: 177.92178
J18: SHGM | K18: 51.8 | L18: 49.6 | M18: 50.112515 | N18: 50.632269 | O18: 51.159571 | P18: 51.695142 | Q18: 52.236119 | R18: 52.781797 | S18: 53.332192 | T18: 53.887283 | U18: 54.447103 | V18: 55.011665
J19: CHKM | K19: 158.41097 | L19: 145.65023 | M19: 192.6682 | N19: 231.93207 | O19: 232.96129 | P19: 233.99676 | Q19: 235.03459 | R19: 236.08583 | S19: 237.14942 | T19: 238.2239 | U19: 239.30851 | V19: 240.40229
... J23: OTGR | K23: 104.67024 | L23: 79.027332 | M23: 79.171503 | N23: 79.32051 | O23: 79.475133 | P23: 79.636489 | Q23: 79.798262 | R23: 79.960127 | S23: 80.122128 | T23: 80.284326 | U23: 80.446751 | V23: 80.609442

Sheet OTHEX
K6: BASE | L6: BASE | M6: BASE | N6: BASE | O6: BASE | P6: BASE | Q6: BASE | R6: BASE | S6: BASE | T6: BASE | U6: BASE | V6: BASE
K7: 2024 | L7: 2025 | M7: 2026 | N7: 2027 | O7: 2028 | P7: 2029 | Q7: 2030 | R7: 2031 | S7: 2032 | T7: 2033 | U7: 2034 | V7: 2035
J8: SORG | K8: 0.747113 | L8: 1.835365 | M8: 1.8359945 | N8: 1.8366582 | O8: 1.8373813 | P8: 1.8382277 | Q8: 1.8391448 | R8: 1.8399169 | S8: 1.8405763 | T8: 1.8411688 | U8: 1.8417163 | V8: 1.8422471
J9: VEGT | K9: 23505.911 | L9: 21283.739 | M9: 21332.959 | N9: 21382.615 | O9: 21433.366 | P9: 21486.927 | Q9: 21541.704 | R9: 21594.906 | S9: 21647.131 | T9: 21699.259 | U9: 21751.69 | V9: 21804.958
J10: PIGM | K10: 2.6600944e-13
J11: CATM | K11: 112.02 | L11: 113.27 | M11: 109.08244 | N11: 105.3119 | O11: 104.93901 | P11: 106.2664 | Q11: 107.60948 | R11: 108.96702 | S11: 110.33891 | T11: 111.72482 | U11: 113.12473 | V11: 114.53852
J12: SHGM | K12: 7.26415 | L12: 7.72524 | M12: 7.8050647 | N12: 7.8860168 | O12: 7.9681444 | P12: 8.05156 | Q12: 8.1358176 | R12: 8.2208075 | S12: 8.306532 | T12: 8.3929878 | U12: 8.4801802 | V12: 8.5681111
J13: EGGS | K13: 14.232402 | L13: 22.798954 | M13: 22.996309 | N13: 23.194038 | O13: 23.391787 | P13: 23.547476 | Q13: 23.672389 | R13: 23.773515 | S13: 23.874378 | T13: 23.974883 | U13: 24.075001 | V13: 24.174683
J14: MILK | K14: 496.82861 | L14: 452.60089 | M14: 459.6666 | N14: 466.85122 | O14: 474.15222 | P14: 481.56729 | Q14: 489.09338 | R14: 496.7225 | S14: 504.4549 | T14: 512.28981 | U14: 520.22791 | V14: 528.26937

Sheet STOCX
K6: BASE | L6: BASE | M6: BASE | N6: BASE | O6: BASE | P6: BASE | Q6: BASE | R6: BASE | S6: BASE | T6: BASE | U6: BASE | V6: BASE
K7: 2024 | L7: 2025 | M7: 2026 | N7: 2027 | O7: 2028 | P7: 2029 | Q7: 2030 | R7: 2031 | S7: 2032 | T7: 2033 | U7: 2034 | V7: 2035
J8: RICE | K8: 1361.07 | L8: 1914.956 | M8: 2150.9429 | N8: 2221.9741 | O8: 2250.878 | P8: 2280.1198 | Q8: 2309.7558 | R8: 2339.8649 | S8: 2370.4594 | T8: 2401.5565 | U8: 2433.1664 | V8: 2465.302
J9: WHEA | K9: 2216.16 | L9: 1241.92 | M9: 1243.5209 | N9: 1245.2108 | O9: 1247.0065 | P9: 1248.9884 | Q9: 1251.2334 | R9: 1253.5819 | S9: 1256.0467 | T9: 1258.6505 | U9: 1261.4002 | V9: 1264.3078
J10: MAIZ | K10: 2413.4 | L10: -562.865 | M10: -537.48631 | N10: -243.10798 | O10: -177.16467 | P10: -153.58723 | Q10: -143.76379 | R10: -139.54798 | S10: -137.88 | T10: -137.43867 | U10: -137.60867 | V10: -138.09351
J11: SORG | K11: 10.400141 | L11: 2.997587 | M11: 2.9986152 | N11: 2.999699 | O11: 3.0008801 | P11: 3.0022624 | Q11: 3.0037603 | R11: 3.0050213 | S11: 3.0060983 | T11: 3.007066 | U11: 3.0079601 | V11: 3.008827
J12: BARL | K12: -39.8 | L12: -10 | M12: -9.9854145 | N12: -9.9708601 | O12: -9.956486 | P12: -9.9426286 | Q12: -9.9291703 | R12: -9.9158573 | S12: -9.9028194 | T12: -9.8902591 | U12: -9.8782525 | V12: -9.8669111
J13: SOYS | K13: 437.62003 | L13: 701.351 | M13: 540.59931 | N13: 432.11398 | O13: 356.497 | P13: 302.3758 | Q13: 262.76625 | R13: 228.77973 | S13: 202.97355 | T13: 183.1046 | U13: 167.64006 | V13: 155.51107
J14: SOYO | K14: 19 | L14: 0.69 | M14: 0.6921834 | N14: 0.69456064 | O14: 0.69666718 | P14: 0.69846888 | Q14: 0.7000385 | R14: 0.7012966 | S14: 0.70277057 | T14: 0.70400159 | U14: 0.70498991 | V14: 0.70574311
J15: SOYM | K15: 50.5 | L15: 200.91 | M15: 196.62972 | N15: 196.55214 | O15: 197.09626 | P15: 197.9394 | Q15: 198.78646 | R15: 199.64423 | S15: 200.52258 | T15: 201.42061 | U15: 202.33799 | V15: 203.27424
J16: RAPS | K16: 362.11 | L16: 7.8267 | M16: 8.202049 | N16: 8.3055474 | O16: 8.4099465 | P16: 8.5157255 | Q16: 8.6228722 | R16: 8.7332356 | S16: 8.8469319 | T16: 8.9641526 | U16: 9.0849874 | V16: 9.2095666
J17: RAPO | K17: -57 | L17: -19.24 | M17: -19.875845 | N17: -20.031764 | O17: -20.17929 | P17: -20.317121 | Q17: -20.446797 | R17: -20.561786 | S17: -20.681787 | T17: -20.789856 | U17: -20.886063 | V17: -20.970757
J18: RAPM | L18: -77.065 | M18: -82.341794 | N18: -82.335481 | O18: -82.460998 | P18: -82.647705 | Q18: -82.836506 | R18: -83.030784 | S18: -83.234555 | T18: -83.447322 | U18: -83.668891 | V18: -83.898981
J19: GRDS | K19: 84.19 | L19: -9.06 | M19: -9.1210779 | N19: -9.1829928 | O19: -9.2459143 | P19: -9.3104369 | Q19: -9.3756094 | R19: -9.4400181 | S19: -9.503833 | T19: -9.5672969 | U19: -9.6305343 | V19: -9.693705
J20: GRDO | K20: -7.35 | L20: -0.91 | M20: -0.92409327 | N20: -0.93498852 | O20: -0.94473581 | P20: -0.95337264 | Q20: -0.96112226 | R20: -0.96785619 | S20: -0.97468155 | T20: -0.98079474 | U20: -0.98619177 | V20: -0.99091718
J21: GRDM | K21: 22.3 | L21: -4.186 | M21: -4.2381864 | N21: -4.2379206 | O21: -4.2432064 | P21: -4.251069 | Q21: -4.2590199 | R21: -4.2672014 | S21: -4.2757826 | T21: -4.2847428 | U21: -4.2940735 | V21: -4.3037631
J22: COTT | K22: 90.8 | L22: 8.1 | M22: 8.17528 | N22: 8.2514332 | O22: 8.3286015 | P22: 8.4071471 | Q22: 8.4867676 | R22: 8.5670995 | S22: 8.6482738 | T22: 8.7304924 | U22: 8.8138489 | V22: 8.8984732
J23: SUGA | K23: -93.99 | L23: -16 | M23: -15.890849 | N23: -15.941629 | O23: -15.992331 | P23: -16.042972 | Q23: -16.094212 | R23: -16.143965 | S23: -16.192447 | T23: -16.239959 | U23: -16.286661 | V23: -16.332749
J24: OTGR | K24: -137.674 | L24: -136.674 | M24: -136.92334 | N24: -137.18104 | O24: -137.44845 | P24: -137.72751 | Q24: -138.00729 | R24: -138.28723 | S24: -138.5674 | T24: -138.84791 | U24: -139.12882 | V24: -139.41019

Sheet NEXPX
K6: BASE | L6: BASE | M6: BASE | N6: BASE | O6: BASE | P6: BASE | Q6: BASE | R6: BASE | S6: BASE | T6: BASE | U6: BASE | V6: BASE
K7: 2024 | L7: 2025 | M7: 2026 | N7: 2027 | O7: 2028 | P7: 2029 | Q7: 2030 | R7: 2031 | S7: 2032 | T7: 2033 | U7: 2034 | V7: 2035
J8: POTA | K8: 55 | L8: 99.02 | M8: 87.360368 | N8: 90.951929 | O8: 94.754514 | P8: 100.18437 | Q8: 106.19735 | R8: 113.67746 | S8: 118.64154 | T8: 124.9217 | U8: 132.7869 | V8: 142.30729
J9: SOYO | L9: 21.57 | M9: 20.877817 | N9: 20.875439 | O9: 20.873333 | P9: 20.871531 | Q9: 20.869961 | R9: 20.868703 | S9: 20.867229 | T9: 20.865998 | U9: 20.86501 | V9: 20.864257
J10: SOYM | K10: 138.9 | L10: 78.09
J11: GRDS | M11: 86.112484 | N11: 84.65535 | O11: 82.722534 | P11: 81.198741 | Q11: 80.237493 | R11: 79.814634 | S11: 78.737765 | T11: 77.938511 | U11: 77.48577 | V11: 77.42383
J12: GRDM | L12: 0.186 | M12: 4.4241864 | N12: 4.4239206 | O12: 4.4292064 | P12: 4.437069 | Q12: 4.4450199 | R12: 4.4532014 | S12: 4.4617826 | T12: 4.4707428 | U12: 4.4800735 | V12: 4.4897631
J13: SUGB | M13: 0.060879038 | N13: 0.11810038 | O13: 0.17133578 | P13: 0.2206066 | Q13: 0.27590582 | R13: 0.30375009 | S13: 0.30764095 | T13: 0.29218436 | U13: 0.25993445 | V13: 0.21395105
J14: VEGT | K14: 1432.8218 | L14: 1522.6632 | M14: 1441.2034 | N14: 1371.7197 | O14: 1321.7495 | P14: 1294.1485 | Q14: 1280.9814 | R14: 1280.9564 | S14: 1281.4184 | T14: 1294.343 | U14: 1321.3025 | V14: 1362.7995
J15: CHKM | L15: 40.831669 | M15: 42.997598
J16: EGGS | K16: 17.891142 | L16: 19.815003 | M16: 21.226995 | N16: 23.408136 | O16: 26.700145 | P16: 28.228386 | Q16: 29.213227 | R16: 29.909473 | S16: 30.558486 | T16: 31.094678 | U16: 31.531165 | V16: 31.896576

Sheet DOMDX
K6: BASE | L6: BASE | M6: BASE | N6: BASE | O6: BASE | P6: BASE | Q6: BASE | R6: BASE | S6: BASE | T6: BASE | U6: BASE | V6: BASE
K7: 2024 | L7: 2025 | M7: 2026 | N7: 2027 | O7: 2028 | P7: 2029 | Q7: 2030 | R7: 2031 | S7: 2032 | T7: 2033 | U7: 2034 | V7: 2035
J8: RICE | K8: 20832.07 | L8: 21106.96 | M8: 21304.815 | N8: 21345.047 | O8: 21349.459 | P8: 21361.983 | Q8: 21382.975 | R8: 21410.923 | S8: 21452.91 | T8: 21502.319 | U8: 21558.87 | V8: 21623.098
J9: WHEA | K9: 15116.16 | L9: 14391.92 | M9: 14354.245 | N9: 14324.399 | O9: 14301.692 | P9: 14284.366 | Q9: 14271.119 | R9: 14261.72 | S9: 14260.206 | T9: 14262.792 | U9: 14269.352 | V9: 14280.201
J10: MAIZ | K10: 30855 | L10: 30387.81 | M10: 30545.286 | N10: 30933.839 | O10: 31114.972 | P10: 31261.372 | Q10: 31392.522 | R10: 31513.955 | S10: 31631.802 | T10: 31747.263 | U10: 31860.016 | V10: 31970.252
J11: POTA | K11: 9445 | L11: 9765.02 | M11: 9776.9215 | N11: 9788.3805 | O11: 9799.8549 | P11: 9810.601 | Q11: 9821.0355 | R11: 9830.1469 | S11: 9842.0506 | T11: 9853.1216 | U11: 9863.1726 | V11: 9872.2518
J12: SORG | K12: 1180.7573 | L12: 774.13295 | M12: 775.05257 | N12: 775.26676 | O12: 775.76026 | P12: 776.29521 | Q12: 776.72639 | R12: 777.05354 | S12: 777.55251 | T12: 777.97467 | U12: 778.31518 | V12: 778.57806
J13: BARL | K13: 1624 | L13: 1280 | M13: 1285.4475 | N13: 1290.0101 | O13: 1295.0205 | P13: 1300.1757 | Q13: 1305.2791 | R13: 1310.3008 | S13: 1315.3345 | T13: 1320.3343 | U13: 1325.279 | V13: 1330.1636
J14: SOYS | K14: 12562 | L14: 13267.2 | M14: 12895.576 | N14: 12799.238 | O14: 12768.403 | P14: 12774.58 | Q14: 12795.354 | R14: 12818.416 | S14: 12851.508 | T14: 12891.173 | U14: 12935.858 | V14: 12984.515
J15: SOYO | K15: 1817 | L15: 1849.43 | M15: 1856.0427 | N15: 1862.4912 | O15: 1868.2054 | P15: 1873.0926 | Q15: 1877.3504 | R15: 1880.7631 | S15: 1884.7614 | T15: 1888.1006 | U15: 1890.7815 | V15: 1892.8247
J16: SOYM | K16: 7590.5 | L16: 8021.91 | M16: 8045.9737 | N16: 8042.7683 | O16: 8065.2495 | P16: 8100.0851 | Q16: 8135.0825 | R16: 8170.5225 | S16: 8206.8131 | T16: 8243.9166 | U16: 8281.8197 | V16: 8320.5023
J17: RAPS | K17: 2325.45 | L17: 1987.8267 | M17: 2138.69 | N17: 2138.6302 | O17: 2141.9822 | P17: 2146.9187 | Q17: 2151.9109 | R17: 2157.0479 | S17: 2162.4339 | T17: 2168.0562 | U17: 2173.9099 | V17: 2179.9877
J18: RAPO | K18: 933.5 | L18: 980.76 | M18: 986.40388 | N18: 992.50581 | O18: 998.27924 | P18: 1003.6733 | Q18: 1008.7481 | R18: 1013.2483 | S18: 1017.9445 | T18: 1022.1738 | U18: 1025.9389 | V18: 1029.2534
J19: RAPM | K19: 1449.7 | L19: 1445.12 | M19: 1442.7809 | N19: 1442.6915 | O19: 1444.469 | P19: 1447.113 | Q19: 1449.7866 | R19: 1452.5378 | S19: 1455.4235 | T19: 1458.4365 | U19: 1461.5742 | V19: 1464.8326
... J36: OTGR | K36: 4007.0127 | L36: 4007.277 | M36: 4017.2138 | N36: 4021.042 | O36: 4028.6842 | P36: 4037.9999 | Q36: 4047.2951 | R36: 4056.6477 | S36: 4066.3112 | T36: 4076.1742 | U36: 4086.208 | V36: 4096.4007

Sheet PRICX
K6: BASE | L6: BASE | M6: BASE | N6: BASE | O6: BASE | P6: BASE | Q6: BASE | R6: BASE | S6: BASE | T6: BASE | U6: BASE | V6: BASE
K7: 2024 | L7: 2025 | M7: 2026 | N7: 2027 | O7: 2028 | P7: 2029 | Q7: 2030 | R7: 2031 | S7: 2032 | T7: 2033 | U7: 2034 | V7: 2035
J8: RICE | K8: 2803.71 | L8: 2694.96 | M8: 2637.564 | N8: 2581.9545 | O8: 2528.3422 | P8: 2476.1561 | Q8: 2425.511 | R8: 2376.519 | S8: 2329.252 | T8: 2283.8597 | U8: 2240.3372 | V8: 2198.7189
J9: WHEA | K9: 2566.86 | L9: 2449.34 | M9: 2395.4561 | N9: 2343.1053 | O9: 2292.4666 | P9: 2243.9591 | Q9: 2197.6435 | R9: 2152.8636 | S9: 2109.6814 | T9: 2068.2295 | U9: 2028.5007 | V9: 1990.5235
J10: MAIZ | K10: 2803.71 | L10: 2250 | M10: 2204.2141 | N10: 2159.3537 | O10: 2115.8773 | P10: 2073.5382 | Q10: 2032.435 | R10: 1992.6001 | S10: 1954.1032 | T10: 1917.0789 | U10: 1881.5318 | V10: 1847.4983
J11: POTA | K11: 2130 | L11: 2232.67 | M11: 2191.6452 | N11: 2151.508 | O11: 2112.4344 | P11: 2074.8112 | Q11: 2038.2479 | R11: 2002.5604 | S11: 1967.8498 | T11: 1934.2808 | U11: 1901.8858 | V11: 1870.7282
J12: SORG | K12: 3400 | L12: 3200 | M12: 3163.2878 | N12: 3127.2001 | O12: 3091.9654 | P12: 3058.0698 | Q12: 3025.1244 | R12: 2991.8464 | S12: 2958.4923 | T12: 2925.4138 | U12: 2892.762 | V12: 2860.7306
J13: BARL | K13: 2480 | L13: 2430 | M13: 2395.0205 | N13: 2360.6388 | O13: 2327.0276 | P13: 2294.5603 | Q13: 2262.9787 | R13: 2231.6543 | S13: 2200.7488 | T13: 2170.4948 | U13: 2140.975 | V13: 2112.305
J14: SOYS | K14: 4721 | L14: 4300 | M14: 4223.3385 | N14: 4148.3166 | O14: 4075.2899 | P14: 4005.0132 | Q14: 3936.7012 | R14: 3869.8906 | S14: 3804.7907 | T14: 3741.7334 | U14: 3680.7945 | V14: 3622.1084
J15: SOYO | K15: 8081.99 | L15: 8367.34 | M15: 8218.1649 | N15: 8072.1804 | O15: 7930.0783 | P15: 7793.3272 | Q15: 7660.3993 | R15: 7530.3932 | S15: 7403.7156 | T15: 7281.0129 | U15: 7162.4323 | V15: 7048.2355
J16: SOYM | K16: 3220.03 | L16: 3142.71 | M16: 3086.681 | N16: 3031.8503 | O16: 2978.4778 | P16: 2927.1151 | Q16: 2877.1884 | R16: 2828.3591 | S16: 2780.7799 | T16: 2734.6937 | U16: 2690.1557 | V16: 2647.2643
J17: RAPS | K17: 6302.0255 | L17: 5015.65 | M17: 4889.9213 | N17: 4766.919 | O17: 4647.091 | P17: 4531.3548 | Q17: 4419.3462 | R17: 4312.1689 | S17: 4209.7944 | T17: 4112.344 | U17: 4019.6702 | V17: 3931.7058
J18: RAPO | K18: 17247.255 | L18: 9356.83 | M18: 9122.2796 | N18: 8892.8157 | O18: 8669.2734 | P18: 8453.3643 | Q18: 8244.4092 | R18: 8044.4672 | S18: 7853.4846 | T18: 7671.6884 | U18: 7498.8028 | V18: 7334.703
J19: RAPM | K19: 2531.4643 | L19: 2481.67 | M19: 2419.4613 | N19: 2358.6016 | O19: 2299.3124 | P19: 2242.0478 | Q19: 2186.6276 | R19: 2133.5979 | S19: 2082.9445 | T19: 2034.7275 | U19: 1988.8738 | V19: 1945.3503
... J36: OTGR | K36: 1000 | L36: 1000 | M36: 989.63524 | N36: 979.6386 | O36: 970.10273 | P36: 961.20408 | Q36: 952.56924 | R36: 943.71062 | S36: 934.71511 | T36: 925.69998 | U36: 916.71925 | V36: 907.84048

Sheet SEEDX
D6: BASE | E6: BASE | K6: BASE | L6: BASE | M6: BASE | N6: BASE | O6: BASE | P6: BASE | Q6: BASE | R6: BASE | S6: BASE | T6: BASE | U6: BASE | V6: BASE
D7: 2023 | E7: 2024 | K7: 2024 | L7: 2025 | M7: 2026 | N7: 2027 | O7: 2028 | P7: 2029 | Q7: 2030 | R7: 2031 | S7: 2032 | T7: 2033 | U7: 2034 | V7: 2035
C8: RICE | D8: 20760.9 | E8: 20832.07 | J8: RICE | K8: 141 | L8: 142 | M8: 141.92468 | N8: 141.85466 | O8: 141.78846 | P8: 141.71903 | Q8: 141.64916 | R8: 141.5828 | S8: 141.51979 | T8: 141.45994 | U8: 141.40311 | V8: 141.34913
C9: WHEA | D9: 14848.41 | E9: 15116.16 | J9: WHEA | K9: 650 | L9: 700 | M9: 699.48097 | N9: 698.99037 | O9: 698.52349 | P9: 698.09499 | Q9: 697.73775 | R9: 697.39843 | S9: 697.0761 | T9: 696.76993 | U9: 696.4791 | V9: 696.20285
C10: MAIZ | D10: 31596.1 | E10: 30855.6 | J10: MAIZ | K10: 127 | L10: 124.5 | M10: 124.41515 | N10: 124.32464 | O10: 124.23455 | P10: 124.13538 | Q10: 124.03419 | R10: 123.93811 | S10: 123.84689 | T10: 123.76027 | U10: 123.67802 | V10: 123.59992
C11: POTA | D11: 9150 | E11: 9500 | J11: POTA | K11: 855.27 | L11: 884.79 | M11: 885.00016 | N11: 885.20706 | O11: 885.40467 | P11: 885.6173 | Q11: 885.81797 | R11: 886.00859 | S11: 886.18966 | T11: 886.36168 | U11: 886.52508 | V11: 886.68031
C12: SORG | D12: 803.8 | E12: 1179.5 | J12: SORG | K12: 3.6 | L12: 3.4 | M12: 3.4022199 | N12: 3.4044599 | O12: 3.4067139 | P12: 3.4089874 | Q12: 3.4112624 | R12: 3.4134259 | S12: 3.4154832 | T12: 3.4174395 | U12: 3.4192996 | V12: 3.4210682
C13: BARL | D13: 1789.8 | E13: 1624 | J13: BARL | K13: 8.12 | L13: 6.4 | M13: 6.3964316 | N13: 6.3928204 | O13: 6.3891612 | P13: 6.3854523 | Q13: 6.3817456 | R13: 6.3782242 | S13: 6.3748789 | T13: 6.3717008 | U13: 6.3686816 | V13: 6.3658134
C14: SOYS | D14: 2084.17 | E14: 2065 | J14: SOYS | K14: 83.699973 | L14: 83.106 | M14: 84.679593 | N14: 86.283781 | O14: 87.918089 | P14: 89.585865 | Q14: 91.285279 | R14: 93.017057 | S14: 94.781812 | T14: 96.58017 | U14: 98.412767 | V14: 100.28025
C15: SOYO | D15: 1587.5 | E15: 1817 | J15: OTGR | K15: 104.67024 | L15: 79.027332 | M15: 78.974068 | N15: 78.92539 | O15: 78.882038 | P15: 78.845077 | Q15: 78.808222 | R15: 78.77115 | S15: 78.733908 | T15: 78.696554 | U15: 78.659119 | V15: 78.621641
C16: SOYM | D16: 7932.5 | E16: 7729.4
C17: RAPS | D17: 2151.55 | E17: 1880
C18: RAPO | D18: 926.3 | E18: 935.5
C19: RAPM | D19: 1351.5 | E19: 1449.7
C20: GRDS | D20: 1880 | E20: 1961.49
C21: GRDO | D21: 345.2 | E21: 344.45
C22: GRDM | D22: 391.74 | E22: 407.3
C23: COTT | D23: 752.8 | E23: 783.4
C24: SUGA | D24: 1267.1 | E24: 1456
C25: SUGC | D25: 789 | E25: 882
C26: SUGB | D26: 108 | E26: 114
C27: FRTO | D27: 33109.9 | E27: 34609.86
... C36: OTGR | D36: 4124.6 | E36: 4007.67

Sheet DFODX
K6: BASE | L6: BASE | M6: BASE | N6: BASE | O6: BASE | P6: BASE | Q6: BASE | R6: BASE | S6: BASE | T6: BASE | U6: BASE | V6: BASE
K7: 2024 | L7: 2025 | M7: 2026 | N7: 2027 | O7: 2028 | P7: 2029 | Q7: 2030 | R7: 2031 | S7: 2032 | T7: 2033 | U7: 2034 | V7: 2035
J8: RICE | K8: 304.46156 | L8: 303.24609 | M8: 300.74021 | N8: 298.36935 | O8: 296.15644 | P8: 294.11639 | Q8: 292.22154 | R8: 290.45322 | S8: 288.7764 | T8: 287.19686 | U8: 285.70508 | V8: 284.29562
J9: WHEA | K9: 177.03516 | L9: 172.587 | M9: 171.08456 | N9: 169.66463 | O9: 168.34097 | P9: 167.10151 | Q9: 165.9309 | R9: 164.83421 | S9: 163.79173 | T9: 162.80712 | U9: 161.87502 | V9: 160.99249
J10: MAIZ | K10: 36.76884 | L10: 37.442604 | M10: 37.318695 | N10: 37.212691 | O10: 37.120751 | P10: 37.043397 | Q10: 36.978393 | R10: 36.9224 | S10: 36.875171 | T10: 36.835318 | U10: 36.802063 | V10: 36.774604
J11: POTA | K11: 118.32018 | L11: 122.69941 | M11: 122.51815 | N11: 122.4032 | O11: 122.33278 | P11: 122.29418 | Q11: 122.29355 | R11: 122.31889 | S11: 122.3803 | T11: 122.46637 | U11: 122.57404 | V11: 122.69983
J12: SORG | K12: 11.672648 | L12: 7.8005425 | M12: 7.8142583 | N12: 7.8305626 | O12: 7.8478903 | P12: 7.8657526 | Q12: 7.8847375 | R12: 7.9047393 | S12: 7.9265521 | T12: 7.9493476 | U12: 7.9729205 | V12: 7.9970507
J13: BARL | K13: 1.7376681 | L13: 0.74885208 | M13: 0.74601122 | N13: 0.74369943 | O13: 0.74177622 | P13: 0.74017569 | Q13: 0.73889203 | R13: 0.73787685 | S13: 0.73717295 | T13: 0.73670602 | U13: 0.73645144 | V13: 0.7363802
J14: SOYS | K14: 32.586141 | L14: 33.152305 | M14: 33.324776 | N14: 33.510225 | O14: 33.696844 | P14: 33.882851 | Q14: 34.070998 | R14: 34.256063 | S14: 34.447017 | T14: 34.638255 | U14: 34.829079 | V14: 35.018863
J15: SOYO | K15: 34.979034 | L15: 36.052937 | M15: 36.220343 | N15: 36.403025 | O15: 36.589436 | P15: 36.776943 | Q15: 36.968211 | R15: 37.159064 | S15: 37.357177 | T15: 37.557165 | U15: 37.758592 | V15: 37.960503
J16: RAPO | K16: 19.269596 | L16: 19.501356 | M16: 19.644696 | N16: 19.797775 | O16: 19.954297 | P16: 20.112879 | Q16: 20.274153 | R16: 20.433059 | S16: 20.593917 | T16: 20.753857 | U16: 20.912718 | V16: 21.070049
J17: GRDS | K17: 15.612166 | L17: 16.283632 | M17: 16.581852 | N17: 16.893349 | O17: 17.202093 | P17: 17.506755 | Q17: 17.811496 | R17: 18.110514 | S17: 18.417387 | T17: 18.724301 | U17: 19.030436 | V17: 19.335132
J18: GRDO | K18: 6.2254121 | L18: 7.0204882 | M18: 7.1069409 | N18: 7.1929672 | O18: 7.2748432 | P18: 7.3526994 | Q18: 7.4278593 | R18: 7.4994614 | S18: 7.5710403 | T18: 7.640886 | U18: 7.7088878 | V18: 7.7750822
J19: SUGA | K19: 12.061541 | L19: 13.847913 | M19: 13.893072 | N19: 13.937703 | O19: 13.980525 | P19: 14.02141 | Q19: 14.060802 | R19: 14.098655 | S19: 14.136059 | T19: 14.172478 | U19: 14.208024 | V19: 14.242672
... J29: OTGR | K29: 3.2008781 | L29: 2.4225342 | M29: 2.4157046 | N29: 2.4100324 | O29: 2.4050699 | P29: 2.4006502 | Q29: 2.396921 | R29: 2.393848 | S29: 2.3916232 | T29: 2.3900177 | U29: 2.3889636 | V29: 2.3883886

Sheet CRSHX
K6: BASE | L6: BASE | M6: BASE | N6: BASE | O6: BASE | P6: BASE | Q6: BASE | R6: BASE | S6: BASE | T6: BASE | U6: BASE | V6: BASE
K7: 2024 | L7: 2025 | M7: 2026 | N7: 2027 | O7: 2028 | P7: 2029 | Q7: 2030 | R7: 2031 | S7: 2032 | T7: 2033 | U7: 2034 | V7: 2035
J8: SOYS | K8: 10240 | L8: 10650 | M8: 10423.108 | N8: 10418.995 | O8: 10447.838 | P8: 10492.532 | Q8: 10537.434 | R8: 10582.903 | S8: 10629.463 | T8: 10677.067 | U8: 10725.696 | V8: 10775.326
J9: RAPS | K9: 1963.34 | L9: 1980 | M9: 2130.488 | N9: 2130.3246 | O9: 2133.5722 | P9: 2138.403 | Q9: 2143.288 | R9: 2148.3147 | S9: 2153.587 | T9: 2159.0921 | U9: 2164.8249 | V9: 2170.7782
J10: GRDS | K10: 970 | L10: 980 | M10: 992.21755 | N10: 992.15531 | O10: 993.39279 | P10: 995.23355 | Q10: 997.09496 | R10: 999.01035 | S10: 1001.0193 | T10: 1003.117 | U10: 1005.3015 | V10: 1007.57

Sheet 能量
A1: 家庭消费的十种食物分类及营养成分含量表（每100克食物）
A2: 食物组 | B2: 能量 | C2: 蛋白质 | D2: 脂肪 | E2: 碳水化合物 | F2: 可食比例 | G2: 备注
C3: protein | D3: fat | E3: carbohydrate | K3: =B2 -> 能量 | L3: =C2 -> 蛋白质 | M3: =D2 -> 脂肪 | N3: =E2 -> 碳水化合物 | O3: =F2 -> 可食比例
B4: kacl | C4: 克 | D4: 克 | E4: 克 | F4: % | I4: RICE | J4: 稻谷 | K4: =B6*0.7 -> 242.9 | L4: =C6*0.7 -> 5.18 | M4: =D6*0.7 -> 0.56 | N4: =E6*0.7 -> 54.53 | O4: 70
A5: （1）谷物 | G5: 备注 | I5: WHEA | J5: 小麦 | K5: =B7*0.7 -> 244.3 | L5: =C7*0.7 -> 7.84 | M5: =D7*0.7 -> 1.05 | N5: =E7*0.7 -> 51.52 | O5: 70
A6: 稻谷 | B6: 347 | C6: 7.4 | D6: 0.8 | E6: 77.9 | F6: 70 | G6: 稻米（均值） | I6: MAIZ | J6: 玉米 | K6: 112 | L6: 16.5 | M6: 7.1 | N6: 71 | O6: 46
A7: 小麦 | B7: 349 | C7: 11.2 | D7: 1.5 | E7: 73.6 | F7: 80 | G7: 小麦粉（标准粉） | I7: SOYS | J7: 大豆 | K7: 390 | L7: 35 | M7: 16 | N7: 34.2 | O7: 100
A8: （2）油脂类 | I8: BARL | J8: 其他粮食 | K8: =B31 -> 228.9 | L8: =C31 -> 2.36 | M8: =D31 -> 0.21 | N8: =E31 -> 58.49 | O8: =F31 -> 94
A9: 食用植物油 | B9: 899 | C9: 0 | D9: 99.9 | E9: 0 | F9: 100 | G9: 均值 | I9: GRAIN | J9: 粮食
A10: 食用动物油 | B10: 862 | C10: 0 | D10: 94.15 | E10: 3.7 | F10: 100 | G10: 均值 | I10: SOYO | J10: 大豆油 | K10: =B9 -> 899 | L10: =C9 -> 0 | M10: =D9 -> 99.9 | N10: =E9 -> 0 | O10: =F9 -> 100
A11: （3）肉类 | I11: RAPO | J11: 菜籽油 | K11: =B9 -> 899 | L11: =C9 -> 0 | M11: =D9 -> 99.9 | N11: =E9 -> 0 | O11: =F9 -> 100
A12: 猪肉（廋） | B12: 143 | C12: 20.3 | D12: 6.2 | E12: 1.5 | F12: 100 | G12: 猪肉及制品均值 | I12: GRDS | J12: 花生
A13: 牛肉（廋） | B13: 106 | C13: 20.2 | D13: 2.3 | E13: 1.2 | F13: 99 | G13: 牛肉及制品均值 | I13: GRDO | J13: 花生油 | K13: =B9 -> 899 | L13: =C9 -> 0 | M13: =D9 -> 99.9 | N13: =E9 -> 0 | O13: =F9 -> 100
A14: 羊肉 | B14: 203 | C14: 19 | D14: 14.1 | E14: 0 | F14: 90 | G14: 羊肉及制品均值 | I14: OIL | J14: 食用植物油
A15: （4）禽类 | I15: SUGA | J15: 食糖 | K15: 400 | N15: 99.9 | O15: 100
A16: 鸡 | B16: 167 | C16: 19.3 | D16: 9.4 | E16: 1.3 | F16: 66 | G16: 鸡肉及制品均值 | I16: FRTO | J16: 水果 | K16: =B30 -> 53.889 | L16: =C30 -> 0.817 | M16: =D30 -> 0.183 | N16: =E30 -> 12.922 | O16: =F30 -> 82
A17: 鸭 | B17: 240 | C17: 15.5 | D17: 19.7 | E17: 0.2 | F17: 68 | G17: 鸭肉及制品均值 | I17: VEGT | J17: 蔬菜 | K17: =B29 -> 31.348 | L17: =C29 -> 1.746 | M17: =D29 -> 0.267 | N17: =E29 -> 6.252 | O17: =F29 -> 87
A18: （5）蛋类 | I18: PIGM | J18: 猪肉 | K18: =B12 -> 143 | L18: =C12 -> 20.3 | M18: =D12 -> 6.2 | N18: =E12 -> 1.5 | O18: =F12 -> 100
A19: 鸡蛋 | B19: 144 | C19: 13.3 | D19: 8.8 | E19: 2.8 | F19: 88 | G19: 鸡蛋类均值 | I19: CATM | J19: 牛肉 | K19: =B13 -> 106 | L19: =C13 -> 20.2 | M19: =D13 -> 2.3 | N19: =E13 -> 1.2 | O19: =F13 -> 99
A20: 鸭蛋 | B20: 180 | C20: 12.6 | D20: 13 | E20: 3.1 | F20: 87 | G20: 鸭蛋类均值 | I20: SHGM | J20: 羊肉 | K20: =B14 -> 203 | L20: =C14 -> 19 | M20: =D14 -> 14.1 | N20: =E14 -> 0 | O20: =F14 -> 90
A21: （6）水产品 | I21: CHKM | J21: 鸡肉 | K21: =B16 -> 167 | L21: =C16 -> 19.3 | M21: =D16 -> 9.4 | N21: =E16 -> 1.3 | O21: =F16 -> 66
A22: 鱼 | B22: 103 | C22: 16.6 | D22: 3.3 | E22: 1.6 | F22: 59 | G22: 白条鱼 | I22: EGGS | J22: 鸡蛋 | K22: =B19 -> 144 | L22: =C19 -> 13.3 | M22: =D19 -> 8.8 | N22: =E19 -> 2.8 | O22: =F19 -> 88
A23: 虾 | B23: 81 | C23: 17.3 | D23: 0.4 | E23: 2 | F23: 57 | G23: 白米虾 | I23: MILK | J23: 奶 | K23: =B25 -> 54 | L23: =C25 -> 3 | M23: =D25 -> 3.2 | N23: =E25 -> 3.4 | O23: =F25 -> 100
A24: （7）奶制品 | I24: FISH | J24: 水产品 | K24: =B22 -> 103 | L24: =C22 -> 16.6 | M24: =D22 -> 3.3 | N24: =E22 -> 1.6 | O24: =F22 -> 59
A25: 鲜乳品 | B25: 54 | C25: 3 | D25: 3.2 | E25: 3.4 | F25: 100 | G25: 牛乳均值
A26: 奶粉 | B26: 484 | C26: 19.9 | D26: 22.7 | E26: 49.9 | F26: 100 | G26: 牛乳粉
A27: 酸奶 | B27: 72 | C27: 2.5 | D27: 2.7 | E27: 9.3 | F27: 100 | G27: 酸奶均值
A28: （8）蔬菜
A29: 鲜菜 | B29: 31.348 | C29: 1.746 | D29: 0.267 | E29: 6.252 | F29: 87 | G29: 主要蔬菜类均值
A30: （9）水果 | B30: 53.889 | C30: 0.817 | D30: 0.183 | E30: 12.922 | F30: 82 | G30: 主要水果类均值
A31: （10）淀粉及薯类 | B31: 228.9 | C31: 2.36 | D31: 0.21 | E31: 58.49 | F31: 94
